videoID,iso2,country,song,artist
aCAREwXaU9M,AE,United Arab Emirates,Kodava Wedding Song,Sanjith Hegde
d9EmZm_x7Co,AE,United Arab Emirates,New Punjabi Song,Kaka
ufqBAjUm7Ec,AE,United Arab Emirates,"Kim Kim (From ""Jack N'Jill"")",Ram Surendar & Manju Warrier
4UkJ-AziPu0,AE,United Arab Emirates,Chhaila,Sunidhi Chauhan & Shreya Ghoshal
206dnTcpKlI,AE,United Arab Emirates,thozhi,pradeep kumar
MbMsyT0Rx7o,AE,United Arab Emirates,Mud Mud Ke,Tony Kakkar & Neha Kakkar
RYV0qI2xfck,AE,United Arab Emirates,Kadhal Fail,G.V. Prakash Kumar & Dhanush
7GeVKbznWTE,AE,United Arab Emirates,Jaya Jaya Jaya Jaya Hey,&  &  &
9fyOu2dxgOY,AE,United Arab Emirates,Vaa Kannamma,Hesham Abdul Wahab & Uthara Unnikrishnan & Vignesh Srikanth
JkDe_h1LKfc,AE,United Arab Emirates,meena da sta da zorawara,ghezaal enayat
nNZvaMoiATE,AE,United Arab Emirates,Thagyan,Zain Zohaib & Quratulain Balouch
OSkUD7S_WSs,AE,United Arab Emirates,حي بالشهامة,أطفال الإمارات
QMBCNKlNjs4,AE,United Arab Emirates,Nogen,Pramod Kharel & Ruksana Limbu
h0vNgiFXSfg,AE,United Arab Emirates,Jism Mein Tere,Balam & Konal
mumzZ0bWMeU,AE,United Arab Emirates,Omal Kanave,Job Kurian
rPOn6B6zcGU,AE,United Arab Emirates,Dilshad,Yawar Abdal
noacTgA1HJU,AE,United Arab Emirates,Sunn Beliya,Shreya Ghoshal & Afroto
fiiN6Uw1lVc,AE,United Arab Emirates,Musafir,Atif Ali
45Sv-744Gvg,AE,United Arab Emirates,naaranga muttaayi,dileep
Ydkai1Xm_HE,AE,United Arab Emirates,Kanavinte Kallayi,Sajeer Koppam & Shabnam Rafeeque
l0UGxTmuXC4,AR,Argentina,la mejor versión de mi,johana rodriguez
8wotowIcbpw,AR,Argentina,reggaeton de antes,ecko & mariah angeliq
r4M9e-2DTNs,AR,Argentina,q.e.p.d,wolty
Ijl5DYeU1T8,AR,Argentina,superarte,farina & miky woodz
bFhQL130aYQ,AR,Argentina,"hello ( đàm vĩnh hưng, binz)",dam vinh hung
vS95xIaGrPA,AR,Argentina,Lágrimas y Flores (feat. Natalie Perez),Soledad
CqKV2iMHIDw,AR,Argentina,Si Va A Ser...Será,La K'onga & Axel
E6Jt7yfxraM,AR,Argentina,No Fue Culpa Mia,Salastkbron & Omar Varela
Li3bBxV-558,AR,Argentina,pocas horas (feat. kodigo & lit killah),alejo park
rDp8Fin-QYE,AR,Argentina,CSIpher (audio latino),Duki & Akapellah & Neutro Shorty
3eQPVF6Id_U,AR,Argentina,espejismos,bhavi & cazzu
-Y3P7WBzLSY,AR,Argentina,west side,rei & ecko
7TqmfQlHU0E,AR,Argentina,"butaka (remix) (feat. neo pistea, big soto & halpe)","bhavi, akapellah & alemán"
wg0KvgOc_SM,AR,Argentina,pistolas (live) (feat. wos),ciro y los persas
rQhlmCW-6yc,AR,Argentina,Cumbia del Recuerdo,Alan Gomez & Rei & Salastkbron
HyIEZPubbEk,AR,Argentina,TODO PAGO,Ysy A & SPONSOR DIOS & Halpe
zSxOuSkXNfc,AR,Argentina,LA JOYA DE ESTA ERA,Ysy A & De La Ghetto & Koki LS
tVvTDVswTxQ,AR,Argentina,ji ji ji,indio solari
DEn9dWVuXiU,AR,Argentina,rosa,c.r.o & duki
tXcpi5KEZjc,AR,Argentina,7 lunas,nicki nicole
dtzHcK6Cumk,AT,Austria,Ich bete heute für einen Menschen der niemals geht,Die Vaiolets
3xY7IAZwWGY,AT,Austria,I hab an Almenrausch vom Enzian,Die Gasteiner
4wOoLLDXbDY,AT,Austria,Easy,CRO
8sK2lbUNJz0,AT,Austria,A zirbanes Bettl,Pflerer Gitschn
1NfV_GS_vuc,AT,Austria,der king,dorfrocker & addnfahrer
oOgroKpdXtY,AT,Austria,tüdeldü (feat. dominik ofner),marco wagner
ZIlTo0JMUb0,AT,Austria,lederhosenrock,melissa naschenweng
pMaK4oT8uzc,AT,Austria,Bis ans Ende der Welt,Die Paldauer
o10srIyhOzg,AT,Austria,Ein Bett Im Kornfeld (Live),Jürgen Drews
7FwT9nGgVEM,AT,Austria,Eigentlich vom Land,AUT of ORDA & Dame
gwftPtchGRw,AT,Austria,Matrix,RAF Camora
PRP1fU8obtA,AT,Austria,jaka majka,semkoo
M6bLQgKNOTA,AT,Austria,Insieme: 1992,Toto Cutugno
FmkTrLL419A,AT,Austria,Arbeit,Ostbahn-Kurti & die Chefpartie & Die Chefpartie
eR_w0n7GnNI,AT,Austria,megamix,r.i.o.
mEfvYXGi9Qw,AT,Austria,Liebe zur Heimat (Medley),MANFRED der Musikantenwirt & Marina
42WPDwIy0lo,AT,Austria,amore vero,nockis
OVbqFlajmGE,AT,Austria,1000 Träume weit (Tornero),Anna-Maria Zimmermann
wDIkwoLyN7w,AT,Austria,fair play,nockalm quintett
vmTOb7S16Os,AT,Austria,Der alte Jäger,Hannah
LBbHPn-7v1I,AU,Australia,Wasting Angels (feat. The Kid Laroi),Post Malone
QHV_aFgjijw,AU,Australia,back it up,spanian
PHWHxbg9dQU,AU,Australia,Baacha Bhayo,Swoopna Suman
uMhRG23qIG0,AU,Australia,Tarantella,Joel Fletcher & Orkestrated
59M09JxWNUA,AU,Australia,GET ME OUTTA HERE,G Flip
UKkObvtycq8,AU,Australia,THE DINER,Billie Eilish
6nZQRt4BXr8,AU,Australia,housefyre (feat. tim minchin),briggs
r5Z741PC9_c,AU,Australia,face to face,ruel
IOe0tNoUGv8,AU,Australia,Em Đồng Ý (I Do),Đức Phúc & 911
3WHm6tfvKlk,AU,Australia,ricky,denzel curry
tFMXV2xqW8o,AU,Australia,Nutbush City Limits,Ike & Tina Turner
Ai9l_8xy_pc,AU,Australia,Elephant (triple j Like A Version),The Wiggles
LTYZNr1mF1M,AU,Australia,intro,huskii
87VRaM5_bAE,AU,Australia,100 ways,jackson wang
mYWdRwZxuaM,AU,Australia,Dabke,Ay Huncho & NASA NOVA
h7cOOfpdEfk,AU,Australia,Bạn Đời,Karik & GDucky
dS_HLHozs1E,AU,Australia,eternal sunshine,Ariana Grande
Ws-QlpSltr8,AU,Australia,trốn tìm (feat. mtv),đen
YAmLMohrus4,AU,Australia,Backslide,Twenty One Pilots
NB3gWkhLkxM,AU,Australia,come over,the internet
z1HrvZWvur0,BE,Belgium,leef (uit liefde voor muziek),sean dhondt
TwpcLRtiSw8,BE,Belgium,Maria,Yanso & BOUB'Z
I4FuTRsJWx8,BE,Belgium,polaire,caballero
6K3djeP79o8,BE,Belgium,bx vice,scylla
yprxRK42qQQ,BE,Belgium,houd de dief (uit liefde voor muziek),karen damen
U_W0HNg6Xc0,BE,Belgium,strangers (feat. alex germys),laura tesoro & loïc nottet
_CV830qN2eE,BE,Belgium,gorik pt.1,zwangere guy
EBTilAzdrio,BE,Belgium,wolves (live),just rege
agS0aVBRbPs,BE,Belgium,zeg 'ns meisje,paul severs
BGaiFkuxVJA,BE,Belgium,Rollercoaster,The Starlings
WBxD0MnMm7g,BE,Belgium,anderlecht champion - version originale 1985 (version française),les joueurs & grand jojo
uZUSXcdYGS4,BE,Belgium,land van de regenboog,k3
E7pdvqnfBW8,BE,Belgium,We Begrijpen Mekaar (Uit Liefde Voor Muziek),Regi & Jaap Reesema & MAXINE
mtAbXeqSFW4,BE,Belgium,100%,mu$a386
IklfAoFIL9Q,BE,Belgium,retourner là-bas,jean-baptiste guegan
ggikYXT_Z9g,BE,Belgium,de bruxelles à nanterre (feat. brvmsoo),34a
Xa3j-Ca0GXg,BE,Belgium,s'en aller,swing
wvCWogtZpYY,BE,Belgium,khalouha tahdar,douzi
J5ThVC7dpf4,BE,Belgium,noir sur blanc (feat. sofiane pamart),frenetik
-yLPnzOTfhw,BE,Belgium,siri 2 (feat. caballero  & jeanjass),ico
N0D7nKmV-QA,BO,Bolivia,Ojalá,Paulo Londra
NQqdHHecyrc,BO,Bolivia,Vas a decir que sí,Lalo Capetillo & Lucero Mijares
ExKCa06cupU,BO,Bolivia,Basta Ya,Grupo Delirios
7-IH10hQlTs,BO,Bolivia,cuando lo olvides,rkm & ken-y
kJMeSFr9PY0,BO,Bolivia,Si No Estas Conmigo,Ministerio Talento Divino
F5WkCVbu9es,BO,Bolivia,te vas o te boto,kumbia fusión
PW6ZSzdjrlo,BO,Bolivia,Sol,Willian
UnpsfhwqIJE,BO,Bolivia,lo nuestro vale más,jesse & joy
GrL9Si3JQIA,BO,Bolivia,Te Espere Bajo la Lluvia,Muñequita Milly
Oo7GTV1dfxA,BO,Bolivia,resulta,riki & reik
6pvBdsDn4fw,BO,Bolivia,no puedo olvidarla,agrupación los capos & cristhian vidal
PIFXJ4XQX4E,BO,Bolivia,"mitad mentira, mitad verdad",río roma & andy rivera
Jd-x7Dki3Co,BO,Bolivia,lloré por tí (en vivo),grupo sabor sabor
nJarMfg1oJI,BO,Bolivia,Q´illu Pollerita,Jiyawa
OJzbefR-CG4,BO,Bolivia,Pienso En Ella,Grupo Frontera & Gabito Ballesteros
i5ubDN3SySI,BO,Bolivia,Duele,CHILA JATUN & Edwin Castellanos
9haXLTemV8M,BO,Bolivia,Amor de Contrabando (En Vivo),Grupo Internacional Eclipse
hZDTxqvrZKA,BO,Bolivia,la ley,cnco
Zud315j-z0o,BO,Bolivia,corazoncito,sumaya andina
ASjjKhXgxfc,BO,Bolivia,Tu Nombre y el Mio (Sutima Sutija),Vivian Gonzales
OO-DSKMmB48,BR,Brazil,predadora,mc loma e as gêmeas lacração
vW1b3hzfU2k,BR,Brazil,Toma Nicole (feat. DJ Menezes),MC Meno Dani & DJ Douglinhas & DJ Jeeh FDC
WaBUl4-S5lc,BR,Brazil,Outra Dose,Thiago Freitas
sATUHf2kC1g,BR,Brazil,Menina do Job X Viciada em Sentar (feat. MC Xangai),Dj Junior Sales
rXVawVZw0pU,BR,Brazil,diferente das iguais,marcynho sensação & dj ivis
92THh6E-sa8,BR,Brazil,Faz o Coração,Lambasaia
DBlRIRsuAH0,BR,Brazil,o que é o que é? (feat. marília mendonça),simone & simaria
hHCrglBeh7s,BR,Brazil,desperdício,conde do forró & eduardo costa
OkgEyYLuAVg,BR,Brazil,Vaqueirinha da Hora,Edvan Batista
6jIdiTzBSkw,BR,Brazil,Me Disseram (feat. Love Funk),MC Lipi  & Dj GM & Chefin
UBhR3AMdVR0,BR,Brazil,nunca foi amor,zé vaqueiro
98s7mqb_II0,BR,Brazil,pãram pãram,mc fioti
beoOTC7TYTA,BR,Brazil,desbeijar minha boca (ao vivo),henrique & juliano
Tr6YbFuB6Ic,BR,Brazil,MTG - BARRACO DELA LÁ,DJ GUIZIN DA SERRA & Mc Marlon Ph
zCIcLE1GWUo,BR,Brazil,Deixa Ela Em Paz,Bruno & Marrone & Henrique & Juliano
p5wp3UBBt10,BR,Brazil,Desmantelo e Fuzuê,Michele Andrade & Manim Vaqueiro
fuqu_j4mMLc,BR,Brazil,Espelho Espelho Meu,Mc Joaozinho VT & DJ BOY & Dj GM
41EyJ6kEngk,BR,Brazil,Set PodPah,Mc Davi & MC Marks & MC Ryan SP & MC Don Juan & Igão & Gaab & MC Menor da VG & MC G15
jGJuHdQjjAI,BR,Brazil,pra te machucar (feat. àttøøxxá & suku ward),major lazer & ludmilla
_IxYVie8HiY,BR,Brazil,me refez,priscilla alcântara
ljxYE-aJD3A,CA,Canada,Cry For Me,The Weeknd
IZbN_nmxAGk,CA,Canada,Whiskey Lullaby (feat. Alison Krauss),Brad Paisley
vUQk2iPOnSg,CA,Canada,take control,alicia moffet
FouClnkLpvY,CA,Canada,qubool a,hashmat sultana
JXgiIu5B-Bs,CA,Canada,Amnésia,Souldia
2hp7Lotbmgs,CA,Canada,burning man (feat. brothers osborne),dierks bentley
ssfkASaR2Ww,CA,Canada,Gospel,Dr. Dre & Eminem
FxFKtaWZIxY,CA,Canada,Yaad,Jassa Dhillon & Prodgk
jK3vXQ5_Z0s,CA,Canada,So High,Duvy
hrAeuPqYnRQ,CA,Canada,Yours,Post Malone & Bud Light
HtiDz1EgzjI,CA,Canada,Gal Sunoh Punjabi Dosto,Gurdas Maan
ZYE7UJSA7k0,CA,Canada,christmas wrapping,the waitresses
gfYXKP5V-Tc,CA,Canada,jind mahi,diljit dosanjh
UsmHjyrxAQE,CA,Canada,don't know why,nirvair pannu
X1xub3f7ubY,CA,Canada,Rangeen,Gurnam Bhullar & Gill Raunta & Master Mind
3jmQ3-LNeAU,CA,Canada,21 Questions (feat. G Herbo & 6ixBuzz),Top5
sdhsp6NaB-A,CA,Canada,Sleepless,AP Dhillon
MZLFQ86NeIM,CA,Canada,jis din da shadgi (feat. dilpreet dhillon),jordan sandhu
fPziOGGqEpw,CA,Canada,memory,kane brown & blackbear
ykCJ9PtjavI,CA,Canada,Dollar Wargiye,Hustinder
bYtB6IhUxVM,CH,Switzerland,3 Panamera,Ardian Bujupi
A58WWqIz8Lo,CH,Switzerland,me mungon,nrg band
KIrs6iJsbb0,CH,Switzerland,Muharrem Ahmeti - Princess Palace 3,Muharrem Ahmeti
VYX6K90dx1M,CH,Switzerland,këngë synetie,adem ramadani
7YXQlplwF5g,CH,Switzerland,MAKI,Mimoza Shkodra
L7A9gIIYE8U,CH,Switzerland,Hajde Nuse Karamele,Afërdita Demaku & Dona Janova & JANO
nRB2AnVSVV8,CH,Switzerland,Ajo,Princ1
lHG3vLamwsM,CH,Switzerland,Rêja,Don Phenom
n9sWhMxM9H4,CH,Switzerland,borebardha (feat. capital t),2po2
NBfsXcDgOuw,CH,Switzerland,freestyle (diversitet),don xhoni
WEnpzIqGN5E,CH,Switzerland,Marilyn Monroe,Mozzik
94LD5nwivVs,CH,Switzerland,çika jonë,remzie osmani
NfJpPxBcCUo,CH,Switzerland,Vaj,Enis Bytyqi & Gesko
1M6v2z8bBbA,CH,Switzerland,interes,eren can & bardhi
enqhe3v2Xns,CH,Switzerland,Sherrin Ma Bane,Shpat Kasapi
mMPxaBYL3hY,CH,Switzerland,grupi emracom,"meda, sinan vllasaliu & loki"
fpQTalTXKGk,CH,Switzerland,Syte E Tu,Albina Kelmendi
OXQjKDwt0cA,CH,Switzerland,‏لا اله الا الله,adem ramadani & ubejdi
a3ZTE_WV7m0,CH,Switzerland,Money,Marin & RZON
qHb6WgxzRzU,CH,Switzerland,me rendesi na dy me u dasht,motrat mustafa
XvUWCQg3dd8,CL,Chile,Tussy Huele (Remix),el goldo de las conec & Marcianeke & Jairo Vera & Sayian Jimmy & Gabo El Chamaquito & Tunechikidd & Tunechikidd & Benji Gramitos & Yammir & Edu Music & Yishark & Jere Klein & Son Gotten & Tracy McGrady & Chuky Indica & Nysix music
6coTBqt5ct0,CL,Chile,Lonely,King Savagge & Young Cister & Magicenelbeat
LnQmtaReazw,CL,Chile,that's lit,galee galee & harry nach
TMABplGuoQQ,CL,Chile,paia (feat. el futuro fuera de orbita & cestar),power peralta
4HUr2ijZ6-A,CL,Chile,el espejo,arte elegante
VproXIqjS4I,CL,Chile,Morena Cachetona (Remix) (feat. Darkiel),JOSEPE EL DEMENTE & Sayian Jimmy & Jairo Vera & Gabo El Chamaquito & el goldo de las conec
5Ztd92g-hkU,CL,Chile,2 por 3 (feat. carlitos rossy),tommy boysen
dE801BY30gg,CL,Chile,HOY HAY PARIS,Gino Mella & Jairo Vera
vQokATJn61Y,CL,Chile,tiros pal diablo,jon z & almighty
2W7kOqMmCi8,CL,Chile,selfie,de la ghetto
da-F04Kq42Y,CL,Chile,en nota (feat. pablo chill-e),la manta
2M9qAChEsww,CL,Chile,Otro Dia Otro Whisky,Balbi El Chamako & Bayriton & Gino Mella
DF5-MMOW81E,CL,Chile,"guerra (feat. pusho, cosculluela, quimico ultra mega & d.ozi)","nio garcia, darell, casper magico, cosculluela, pusho, d.ozi, juanka & quimico ultra mega"
Uff14-LX5qw,CL,Chile,te falle,brytiago
QBaIMZ8QjcU,CL,Chile,yo también (feat. marc anthony),romeo santos
L4BVG7rL88I,CL,Chile,despierto,movimiento original
UzBe_Y4PlQs,CL,Chile,en otra piel,casper magico & juhn
ONI6TVWa7SI,CL,Chile,te moriras,maría josé quintanilla
0Ar_EYl0pss,CL,Chile,MANIÁTICA,LOS 4F
SFYsN4QPPhs,CL,Chile,Bailar Bajo la Lluvia,Forest & Bayron Fire
xWdiJ5z_tkI,CO,Colombia,instinto,yeиdry & j balvin
3iQzBq2XpZA,CO,Colombia,ay amor,"mike bahía, guaynaa & ñejo"
ELXWePppuh4,CO,Colombia,fumeteo (remix),"feid, mora & eladio carrion"
HuEkXYSYzNM,CO,Colombia,doblaron las campanas,diomedes díaz & juancho rois
iGSaK4ii6BY,CO,Colombia,Niño Soñador,J Balvin
E9LB5y8N6NM,CO,Colombia,tu pasaje al olvido,fernando burbano & luisito muñoz
_n1ZmFiwUDg,CO,Colombia,que me puedas amar,miguel morales
710VYLdyDcs,CO,Colombia,GANGSTERS Y PISTOLAS,Feid & Ñengo Flow
yZov5v1mDKw,CO,Colombia,mauricio,la liendra
J3T-Jz1_ylo,CO,Colombia,relxjxte,"feid & alejandro ""sky"" ramírez"
NpE3ncDUnR0,CO,Colombia,ya venías aprendida,jhonny rivera & el andariego
6c8RiGGHEYY,CO,Colombia,Makine (feat. Floyd),Cojo Crazy
JjY2DSf0yxc,CO,Colombia,vuelve y me pasa,yeison jimenez
pN8sKmmlVaM,CO,Colombia,volvi a llorar,jorge oñate & álvaro lópez
2SGx4KosO4Y,CO,Colombia,tú me subes (feat. silvestre dangond),kvrass
DO5TjDsrRpM,CO,Colombia,baño de ruda,alcolirykoz
9McSOipEtMQ,CO,Colombia,jala jala (feat. juanda caribe),dj jader tremendo
mYjlBpWiWdI,CO,Colombia,Si no Me Falla El Corazón,Los Diablitos
EQqLi9JeX-I,CO,Colombia,le pido a dios,wolfine
3Dsx-iTArEQ,CO,Colombia,CHIMBA DE TEMA,Blessd & Leka el Poeta
-8Qok9aVbsE,CR,Costa Rica,Vamos los Ticos,Freddy Alvez
4vOp2-H-u_8,CR,Costa Rica,9X19 (Remix),Slayter & Hades66 & Bryant Myers
iUtZzg3Qy3U,CR,Costa Rica,Problem,Macho LXIII & Joztin Bwoy
3nz4DksL2Zk,CR,Costa Rica,Estoy Ready,BRAYY MUSIC & RIK & Poseidon
jDC1Po2nOs0,CR,Costa Rica,distancia (remix) (feat. estradda & alejandro luna),"jean kala, pranz & deeikel"
0-HKRUBl1nE,CR,Costa Rica,Siempre,Kavvo
ZLPs-5TrKSo,CR,Costa Rica,Uy Ay,Gimario
1JTacQFPtzg,CR,Costa Rica,Visionary,Macho LXIII
gBjYstRzUIM,CR,Costa Rica,toda (feat. matt lasong),leo kraz
htmUyizijP4,CR,Costa Rica,Soldado y Profeta (Remix) (feat. Ozuna ALMIGHTY Kendo Kaponi & Ñengo Flow),Anuel AA
WYNCd2egKus,CR,Costa Rica,Playa,Farruko & Kafu Banton & El Micha
-15MmJrqU38,CR,Costa Rica,To Rico,Rik & Franciskao Diex & Bvlgarich
OxZ0fp8Jxd4,CR,Costa Rica,Fuego de Noche Nieve de Día,Ricky Martin & Christian Nodal
0fNh_UjkP10,CR,Costa Rica,punto g (remix),"gimario, deeikel, taly, nova 506 & casanova"
ff3C-Kyv8wI,CR,Costa Rica,La Granja,Los Tigres Del Norte
le6FHCO1sd8,CR,Costa Rica,SUICIDA,Adrian Montoya
Qz9CqJr4TMU,CR,Costa Rica,usted qué haría?,diego verdaguer
aD1w2fpJhQw,CR,Costa Rica,Peluchito,Joztin Bwoy
yIXXu_Rahoo,CR,Costa Rica,On Fleek (Love You Everything),Alkaline
dvjlYH5eYV0,CR,Costa Rica,Mil Amores,Haquil & Brayy Music & Dahny & RIK & Bvlgarich & Jeazy Kay
W6wX5Dzw60Y,CZ,Czechia,voda,"renne dang, -- & kato"
IUs6SglqQu0,CZ,Czechia,než to s náma půjde ke dnu,harlej
8zl7uIYskaU,CZ,Czechia,aha (feat. ca$hanova bulhar),arian730
cAQgH_gjY7E,CZ,Czechia,hej teto!,michal horák
emAEcRNO7aI,CZ,Czechia,omgwtf (feat. michajlov),martin matys
EwCWJAv2Ofk,CZ,Czechia,Múzy,11h7t076hg & Komunál
oe7FftYHY2w,CZ,Czechia,rockstar,rytmus
jTUipTJ-BzQ,CZ,Czechia,vánoční,tomáš ortel
zPFvrMSrVQI,CZ,Czechia,sestra ( feat.natalii ) (feat. natálie bagárová),monika bagárová
TCmU9f_5yAU,CZ,Czechia,"meow (psycho rhyme, sharlota)",psycho rhyme
4NqQnJVfDMs,CZ,Czechia,Dneska jsem tvůj,Vlasta Horvath & Linda Horváthová
tIqmSwfnRSw,CZ,Czechia,Nech Mě Zpívat,Bobby Blaze
GcwuyEyR7rY,CZ,Czechia,Karma (feat. Separ),Momo
4ZJblygYwxA,CZ,Czechia,v ozvěnách,david deyl
6Rauug4b8io,CZ,Czechia,DUŠE,Poetika
ebHTsxs9j4A,CZ,Czechia,Na slovo II (feat. Michajlov),Rest & DJ Wich
8NgRynXNO1I,CZ,Czechia,all over (feat. yzomandias & nik tendo),dimzy
btbOCWNiBzw,CZ,Czechia,Slyšeli jsme v Betlémě,Dětský sbor Camerata
nGbUSuXny-U,CZ,Czechia,Nesem Vám noviny,ThornPlace
pIgZ7gMze7A,CZ,Czechia,wake me up before you go-go,wham!
vv31HIG4P0k,DE,Germany,vollmond,eno & luciano
rKg0ZMZtmTQ,DE,Germany,bei Nacht,Eddin & PA Sports
mRLgYeBu5fg,DE,Germany,Dass du mich liebst,KLAN & LEA
M0Zq6QfR2aI,DE,Germany,geisterstadt,montez
EhzUKV_Xw7A,DE,Germany,UH YEAH / PSYCHO,TJ_beastboy
TXvUYB6UPAA,DE,Germany,ya maschara,ngee & nimo
lcrhIkeeNY4,DE,Germany,Aufs Ganze (feat. Skandal),MADE & Kenan & Infinit
OY7Jpjiw2G8,DE,Germany,keine tränen,azzi memo & fero47
Dtld9DXKgAo,DE,Germany,wenn du da bist,k fly & mcn
Z4ZTC2gP560,DE,Germany,A General,Amo
C6uce8YLIIY,DE,Germany,irgendwie egal,takt32 & badmómzjay
8W1ij30ACGg,DE,Germany,auf der jagd,ngee
O-5_TqcrwVs,DE,Germany,wir sind drin,lucio101
TaC1HJ9bklA,DE,Germany,dünya,hayat
Z0p-60y7ikM,DE,Germany,harbi,"ali471, kasimir1441 & diloman"
PuHJRHiXNMQ,DE,Germany,Wie?,Mali & HoodBlaq
QS0QBh4FzC0,DE,Germany,ekşi,mert
jLVRMxkH7SA,DE,Germany,Bomboclat (feat. Dani),MADE & Biggie68 & ILO
wVA5Zz_3Qyg,DE,Germany,Mi Amor (feat. 29 Seconds),MADE & SHABAB & Azu &
GH0WCs3FbF0,DE,Germany,da real,"manuellsen, haftbefehl & twin"
8pir9oPdzyQ,DK,Denmark,kongespil (live),simon kvamm
7gkhE7t4KCE,DK,Denmark,Let Me Think About It,Ida Corr & Fedde Le Grand
kKcTEB2OpCw,DK,Denmark,vågen,jimilian
_cNRu80wCck,DK,Denmark,køb bananer (live 2006),kim larsen
b7_aRsk5CJ4,DK,Denmark,vafler (feat. sidney lee & jesu brødre),albert dyrlund
3dvyAoLOqUU,DK,Denmark,ludvig og julemanden,søs fenger
E_viAcnwDYo,DK,Denmark,Let It Ring,Reiley
QCGimHVVqz8,DK,Denmark,højere op (higher love),hjalmer
YM1_ocvsvaI,DK,Denmark,op (feat. benny jamz & mellemfingamuzik),jamaika
5NA3ZvfILjY,DK,Denmark,don corleone,"sleiman, lacrim & kidda"
vvwa3iBBG84,DK,Denmark,hva der sket,englando
p9OZAZrw-9o,DK,Denmark,stack it up (feat. stepz),pay & stepz
hBcLKjG1t_M,DK,Denmark,præg på kortet,don x lee x barber
T468QiyniEI,DK,Denmark,stjernefart,shu-bi-dua
uKePOqtRA20,DK,Denmark,tusind stykker,anne linnet band
HzKQfrNseoI,DK,Denmark,Mexican Whistle,Bill Haley & His Comets
AiAXgE1dyV4,DK,Denmark,For Danmark (feat. Liva),Liva & Johan
1t6HY7O-Ts0,DK,Denmark,Hej,Thor Farlov
KFKYRJ6BjU8,DK,Denmark,Wow Wow (feat. Branco),Jimilian
hooQtuawWHU,DK,Denmark,desert eagle,zk
qeMEwPXqHlU,DO,Dominican Republic,Uno,La Perversa & Sammy The Greatest & Mapa Negro
GoAMz49L34g,DO,Dominican Republic,Ahora To el Mundo Canta,El Fother & Cirujano Nocturno
SopGCRWv-GA,DO,Dominican Republic,marry me,roody roodboy
jqsfB9aUfac,DO,Dominican Republic,al final,martha heredia & la perversa
IM8qQCNvXYk,DO,Dominican Republic,Tiradera 3,El Regimen
5hDxmYcv3TE,DO,Dominican Republic,Dime,Lapiz Conciente & Damn Goldo
QPApGrK-ojE,DO,Dominican Republic,Los Pañuelos de San Miguel,Grupo de Atabales San Miguel
c0sIlqo6i0M,DO,Dominican Republic,manejando,"akon, musicologo the libro & melymel"
iyH5nam8QYg,DO,Dominican Republic,maldita sea la hora,ala jaza
fkqyBqjPKCE,DO,Dominican Republic,NO PARE (REMIX),Natti Natasha & Tokischa
lslknGRGlLU,DO,Dominican Republic,"diligencia remix (feat. ognvndo, yeo freko & j. frias)",eltiraletra
9hODzWIY7Hc,DO,Dominican Republic,fofob12,"ceky viciny, el cherry scom, haraca kiko, shadow blow, el odre nuevo & el chuky de lewa"
fEqe9KRTtpU,DO,Dominican Republic,judas,"nino freestyle, yeo freko, beyako rap & --"
i6G97WNGmwU,DO,Dominican Republic,orale,musicologo the libro
kLdjPD4I5dQ,DO,Dominican Republic,Amanecio,El Mayor Clasico & Elvis Martinez
4VKiwmQJ4Lo,DO,Dominican Republic,soy mala,lakisty
LadapWjILDg,DO,Dominican Republic,un dia si (feat. myke towers),"el alfa, farruko & myke towers"
2m_Cp1pzuMg,DO,Dominican Republic,Viene el Chichi,La Perversa & Quimico Ultra Mega & Mapa Negro
uBhQSOqtv9w,DO,Dominican Republic,un sonido,"liro shaq, mc albertico, baby mc & el bloonel"
HMjVgRkpprY,DO,Dominican Republic,CALL OF DUTY (feat. Onguito Wa),La Melma Music & DILON BABY & Yaisel LM
DrjmyewrtGI,EC,Ecuador,振る,Jombriel & Jøtta
-ZzC_k4I8qo,EC,Ecuador,querida amiga,pimpinela
60zHM9JpkAs,EC,Ecuador,perdón,johann vera
lcSaeb9kMtg,EC,Ecuador,Te Quise Tanto,Nacho Acero
HNQMGvEDQnQ,EC,Ecuador,Dame Tu Amor,La Marca Orquesta
4yHK7URUDDU,EC,Ecuador,Señora Señora,Alexia Romero
CbdYnkdQflY,EC,Ecuador,Guaricha,Kike Jav & Banda Ñiña María
XaKRe9kTohY,EC,Ecuador,verano,kerly morán
qdySinddDHw,EC,Ecuador,cheque al portamor,melendi
qjBSmDo1yms,EC,Ecuador,cupido,dayanara
ebKIWkr1lZc,EC,Ecuador,MIRKO EL FRESH FEAT ALLAN DURAN - OSCURECIENDO (VIDEO OFICIAL),Mirko el Fresh
a6U0NuNx6Rs,EC,Ecuador,No Es Que Te Extrañe,Christina Aguilera
of8F4d2bjm0,EC,Ecuador,me tienes enamorado (feat. josé rodríguez),landa la sensación
Dm9WwVxteGU,EC,Ecuador,tendrás que recordarme,claudio vallejo
QsRhHEIn0Nw,EC,Ecuador,Una y Otra Vez,Manuel Medrano
n0x7jpD7upQ,EC,Ecuador,Besame Sin Sentir,Micro TDH
qSJzVXtApwQ,EC,Ecuador,Que se vaya,Paco 17
xOCzMFI_7YY,EC,Ecuador,ay ay ay,q park
O1JqkaJd4II,EC,Ecuador,Habla serio Carnaval,Angel Guaraca
oborf3z-ui4,EC,Ecuador,Tus Desprecios,Cecy Narvaez
WdapwEAf8Ik,EE,Estonia,timewarp (dimension remix),sub focus & dimension
ZZdiXIbv5bM,EE,Estonia,Viimane Talv,Jaagup Tuisk & Uku Suviste & Koit Toome
uWTQNyoDcJQ,EE,Estonia,Oblivion,Cartoon & Ewert Sundja
ejH5JLp63qc,EE,Estonia,Tule (feat. Kaisa Ling Thing),Räpina Jack
br5vb1eMDUo,EE,Estonia,Karma,Nightcore
jdTdcPu4gZ0,EE,Estonia,Meie Eesti Suvi,Ingmar King
Vq5Ihuxb4AI,EE,Estonia,külakiigel pole stopperit,5MIINUST & Puuluup
4FEcC8Wx2fU,EE,Estonia,tulikuum,uudo sepp
WYQvIrXqzfE,EE,Estonia,vaktsiin päästab päeva,indrek ventmann
ohPS-RyYmBU,EE,Estonia,elu kiirteel,jaanus saks
7KAVOFavpq4,EE,Estonia,tv,noëp
xiWtqVtd1Oo,EE,Estonia,Bailando (feat. Maria Isabel Garcia Asensio & Patrick Samoy),Paradisio
D0eG2_pFdLM,EE,Estonia,Foorid,Artjom Savitski
wmtZysUNrGY,EE,Estonia,Hullund,Respekt
oQ-wWYWTD5I,EE,Estonia,the system,insammer
NwiINF6FU2I,EE,Estonia,pseudonüüm (feat. pluuto),kaw
1vH43uDM6Yw,EE,Estonia,saab saab,mihkel raud
qxvtbp1XrhM,EE,Estonia,calm down,nika marula
2jaaobTgnmc,EE,Estonia,NEVER GROWING UP,Carlos Ukareda
yB8k1e9GipM,EE,Estonia,STOP,Karl Madis
gktSILI4uGw,EG,Egypt,مهرجان كده باى باى,"رمضان البرنس, احمد عامر, تامر النزهى & mostafa baset"
hXYT32hIbX4,EG,Egypt,كله بوش,Hamo ElTikha & Saeed Almabady
gRacamF19ZM,EG,Egypt,كوستاريكا,Cairokee
Zd_VDxlEZP8,EG,Egypt,انت عمال بتحلم بالفور يو 4 you,"essam saasa, -- & طاطا النوبي"
VRPsiH-UpDc,EG,Egypt,STICKS ON STICKS,SosMula & Synthetic
D3sueyrnhNw,EG,Egypt,Heya,Ramy Sabry
M04cGx5wulA,EG,Egypt,يوم جديد,Husayn
Gp_CtNDepiI,EG,Egypt,انا تمام,Shahyn
N8TkD2R-hPY,EG,Egypt,ثابت ولا بتهز,Ahmed Nafee
f9a5K5vowLo,EG,Egypt,ماتبصش ع الصورة كتير,Abyusif & Dr. Mo3geza
WCdht_9tf1M,EG,Egypt,الله يمسيه بالخير,Shaimaa El Maghraby
oCOWsvnWJuA,EG,Egypt,أنتي قطتي,Hamada Magdy & Omar Kamal
S6LOS5R8LQU,EG,Egypt,الشغلانه خدت هوا,"abd alla kaizer, resha costa & samara now"
Zk8KnhrJpp8,EG,Egypt,Maby3tzersh,Ahmed Gamal
18fkHq5tbmQ,EG,Egypt,MVP,FaZe Kaysan & Sheck Wes & Fivio Foreign
G7lUD3Bz-wY,EG,Egypt,أهنيكي,Yahia Alaa
x0tJ_ICD47Y,EG,Egypt,الاسفلت,Kozbara & Resha Costa & Samara Now
YmpqEe8jKlU,EG,Egypt,خليك في صفي علشان بصفي,Essam Saasa
pTK9FnAzgwI,EG,Egypt,منستغناش,ahmed saad
UxD-yc9RWPA,EG,Egypt,في قلبي جراح (feat. Tarek El Sheikh),Hassan Shakosh
ga24VfMGnCY,ES,Spain,CELOS,Myke Towers & J Balvin
ubVWSyW4_kY,ES,Spain,dime que no te iras,luis fonsi
oRoa6hAU58U,ES,Spain,Algo Se Me Fué Contigo,Miguel Poveda
E_NKLphjQL8,ES,Spain,Himno de Andalucía,Amigos de Gines
APjWMOg-K2I,ES,Spain,Slomo,RUSLANA
8rrh9ziDohA,ES,Spain,mejor sin miedo,miriam rodríguez
g4Ur7V8Jf60,ES,Spain,Un último vals,Joaquín Sabina
AgjbVaNn8RE,ES,Spain,ibiza (summer series 3),"juancho marqués, recycledj & innercut"
3kjjZugLI4o,ES,Spain,La Florinata,Bejo
8lJyioOjbKE,ES,Spain,Cuerpecito,Jhayco
OnzCbj3tTTI,ES,Spain,Bandidona,SAIKO
30zfbFdeY7g,ES,Spain,LOS DÍAS CONTADOS,Quevedo & Rels B
Pb7k6PAGXcc,ES,Spain,wifi,arce
y8Eu5TH2WgY,ES,Spain,miedo,demarco flamenco
8PjajBm1m-s,ES,Spain,PERROS&GATA$,Nicki Nicole & SAIKO
j3Itb7Or3aA,ES,Spain,bocapeste,foyone & sceno
wJef1GXoywI,ES,Spain,te necesito,kiko rivera & los rebujitos
HKNz0DWQXZw,ES,Spain,Dile a los demás,Dani Fernández
C6zG2Bj0a48,ES,Spain,voy a quedarme,blas cantó
chZruXPwtNA,ES,Spain,Sameri Fernández Kilikitiña,Angelito Flamenkito
nzOUQSGfO2k,FI,Finland,23 leukaa,shakkii
4taVPvCiH8Q,FI,Finland,Saanko sanoa,Suvi Teräsniska
srI4pmaBBms,FI,Finland,after you're gone,one desire
R2Q6mUrVpI4,FI,Finland,Toki Toki,Juju
0i9DZeiF2CM,FI,Finland,believe me,lordi
P1_GcZXsdd0,FI,Finland,Panama,James-J & Jennika Vikman & Sede
MBZ_Pb2XYiU,FI,Finland,Tempo,BESS
b4dzhkI0uzU,FI,Finland,Sä oot ruma,Keko Salata
tclLS1Z7DlU,FI,Finland,kaiken sulle antaisin,armi ja danny
jUFBrfQdW44,FI,Finland,huominen (feat. mik),"juno, paleface & laineen kasperi"
xQ9GmjDi2iQ,FI,Finland,rakastaa ei rakasta,ilta
okDrfYQW1zA,FI,Finland,Sä teit tän laulun (feat. Erika Vikman),Jyrki 69
yt-vryMr5TY,FI,Finland,Missaat Mut,Isac Elliot & william
xGvMgQdLsSY,FI,Finland,Huone (feat. Ellis),Jaakko Kulta
gmZiJfW2RUg,FI,Finland,Kuka keksi rakkauden,Kaija Koo
Cwkej79U3ek,FI,Finland,a thousand miles,vanessa carlton
9wxI4KK9ZYo,FI,Finland,Perfect Day,Lou Reed
2Z54qq7d8Hs,FI,Finland,Koko illan (feat. Joosu J),Are & Rekami
9QvOrgu3txk,FI,Finland,Hokijargonii,Märkä-Simo
zTmjVo2Zmko,FI,Finland,Parrakkaat miehet (feat. Mansesteri & Jenni),Hilpeä Hauki
Tsdy0lD1SSs,FR,France,dans la peau (feat. alonzo & soprano),graya
5Fj-VIslrFc,FR,France,Ingé son (feat. Alpha Wann & La Fève),Kekra
LmQMjWVzJMs,FR,France,mariage 1,t2r & minissia
qhg8a5LUk-Y,FR,France,22,S-Crew
vF1zk38YxKQ,FR,France,chanson sur ma drôle de vie,véronique sanson & vianney
cetR8PMSK0c,FR,France,Coucher de soleil,Tiakola
Sko7dU0qJN0,FR,France,Elle est d'ailleurs,Pierre Bachelet
xz1bDy8Kt38,FR,France,ma chérie (feat. maître gims),jul
PzcCTtPanYQ,FR,France,Dreadlocks,Lil Ted
wbfPOw65xXw,FR,France,Jungle,MHD
bhJjNBcHdNs,FR,France,Main dans la main,Pink Lily
3QuyNWZoKgk,FR,France,c'est dingue,kazmi & marwa loud
AkYhR1lc8QM,FR,France,Koudjack,Brulux
cugnPFhB2L8,FR,France,Paradis (feat. SCH),Shay & SCH
E6uudzXoTJo,FR,France,hazi (feat. naps),guirri mafia
9f8xPaRWAbg,FR,France,m'en sortir,key largo & 4keus
XLFAH6gkfb4,FR,France,OPÉRATION DRAGON #1,Guy2Bezbar
6tniJKkjVv0,FR,France,BRAV-M,ISK & Mola & KLM
bY2yvESoWAs,FR,France,freestyle,zeroinspiii
cCnf1w1DzlA,FR,France,ne me ramène pas,lomepal
6IKOjUjVIFo,GB,United Kingdom,Bentayga,DigDat
touPiRHdZms,GB,United Kingdom,who?,digga d & savo
jiK9azOHMrw,GB,United Kingdom,long time coming,c biz & m. lo & giggs
1nsyApmyENA,GB,United Kingdom,go n' get it (feat. loski),lil berete
uAQNJf0sIC8,GB,United Kingdom,hate to say (freestyle),m huncho
qiaznZZJrMQ,GB,United Kingdom,winning,fastlane wez & m huncho
fmeJAt2JYTQ,GB,United Kingdom,daily duppy,pak-man & shaker
Mlc8i9TKNN0,GB,United Kingdom,porsche,nsg
XSWFF-ZGYDU,GB,United Kingdom,time (feat. nafe smallz & dirtbike lb),bouncer
q0znnN0JQ8Q,GB,United Kingdom,your mr,lady leshurr
zfjEbuVhGz8,GB,United Kingdom,J'adore,Strandz
kORjDONhB3E,GB,United Kingdom,drip drip (feat. unknown t),v9
532kwvvHb50,GB,United Kingdom,back to cali,blade brown & k-trap
t3KsJe5K8wM,GB,United Kingdom,crash it (feat. abra cadabra),mastermind
fWbIqAyNuf4,GB,United Kingdom,Hoods Hottest,L20 BazBaz & P110
ebgt9w3tLcQ,GB,United Kingdom,the generals corner,kenny allstar & benny banks
3Ypw_rM0We8,GB,United Kingdom,half-life,booker
2spUxnYdQXE,GB,United Kingdom,little bit leave it,chris & kem
lYGcixvHjAY,GB,United Kingdom,Just Eat,Country Dons & SL
rKSbkFNGT0o,GB,United Kingdom,come on england,442
qk8o6HtYvx8,GT,Guatemala,mentiras bonitas (live),diego verdaguer & amanda miguel
UnHtlyW81Is,GT,Guatemala,Conéctate Conmigo,Gocho & Redimi2 & Wisin
D1eVEdAkVuU,GT,Guatemala,El Rey Quiche,Fidel Funes y Su Marimba Orquesta de Guatemala
HV0nxWKUhcI,GT,Guatemala,bachadrill,redimi2 & madiel lara
UZagJ3W6io8,GT,Guatemala,ya me vi,aroddy
fcLWM53c61E,GT,Guatemala,que lo sepa la calle,lead & un corazón
pyiSdvXaFlM,GT,Guatemala,Cuando El Primer Amor Se Va,Ana Gonzales
6oQw6bu2pgA,GT,Guatemala,obvia,redimi2
tkNx2UfAflU,GT,Guatemala,admirable,christine d'clario
fbtW39Tv_VE,GT,Guatemala,confia,funky & musiko
bBUmp2AsIXs,GT,Guatemala,mi libertador,miel san marcos & christine d'clario
hnAeK7UyQp0,GT,Guatemala,coro de amor (feat. karol sevilla),emilio
WmlJHCzvs_Y,GT,Guatemala,mi mayor anhelo,banda ms de sergio lizárraga
5INMKB-eMfk,GT,Guatemala,lo que nunca será,la adictiva banda san jose de mesillas
wP9jywxMHIo,GT,Guatemala,Bailando En Tercera Dimensión,Marimba Maderas Chapinas
VG-b7wi8nBM,GT,Guatemala,su poder,miel san marcos & marcos witt
4cd5KHBvcCc,GT,Guatemala,acuérdate oh señor,marcos witt
jY-_8CELufg,GT,Guatemala,pentagrama (remix),alex zurdo & alex campos
N9Xxb_W1fx8,GT,Guatemala,me hubieras avisado,edwin luna  & la trakalosa de monterrey
QN44SO5Ymn8,GT,Guatemala,La Noche Que Murió Chicago,Banda Toro
FaIpSk3f1Jk,HN,Honduras,Si Pudiera Yo,Kazzabe
9TD83tTvOiE,HN,Honduras,sin ti,"menor menor, akim, milly & lary over"
o5TdabEsUOs,HN,Honduras,Antes,Andresse
3Fy-yKNGwHc,HN,Honduras,Las Heladas,Los Tucanes de Tijuana
FZegECLN7GM,HN,Honduras,amor de madre,los tigres del norte
V4YapnWNUkQ,HN,Honduras,mi curiosidad,suiry & lipstickfables
_IJFK8EbTGc,HN,Honduras,roatán,farruko & konshens
gtoBAsGbmpQ,HN,Honduras,La Loca,Hector & Tito
QMh0yOzaRb0,HN,Honduras,"toco, toco",eix la carta musical & ir sais
iKF0M4ISBao,HN,Honduras,hablame claro,"menor menor, akim & ankhal"
_JDz5ce8qOo,HN,Honduras,problema,menor menor
V9Sd5QiDkkw,HN,Honduras,Gorrita de animales,Lildavid six
nfK2gAbopC0,HN,Honduras,Tatuados,Angie Flores
R8SfU8kK4dU,HN,Honduras,Juanchi Va Pa Nueva York,Music Pro Honduras
2hFTp_FpwhI,HN,Honduras,La Brujita (En Vivo),Aniceto Molina & Sus Sabaneros
jR_j-LPLBvU,HN,Honduras,yo voy,zion & lennox
M4dakA3K8ss,HN,Honduras,Apagame la Vela,Los Melódicos
-fDDdZu2OH8,HN,Honduras,se van,"johnny ventura, roberto del castillo & jandy ventura"
vgkE23j_8Ss,HN,Honduras,when i need a friend,coldplay
6su1qHr00uA,HN,Honduras,Estamos en Diciembre,soysupremo & Majo Ramirez & Goren Arana
EXMl8ckvtRg,HU,Hungary,a világ posztol,tankcsapda
7M7wmuDEMUI,HU,Hungary,jesus,hrflow
8U_U7eDKD5g,HU,Hungary,maradj velem,korál
6TsnAZLYu0A,HU,Hungary,emotions,iann dior
N2aqBzSStGc,HU,Hungary,ajtó előtt,ararat worship collective & pálhegyi dávid
Fz4oIc6xPfc,HU,Hungary,HARCOKBAN,Hibrid
czCbbyn4ZD8,HU,Hungary,alamizsna,ketioz
CVhwqCruKDE,HU,Hungary,nélküled múlt el a tél (feat. children of distance),szabyest
1pJo49xCDWk,HU,Hungary,túl jó a szívem,lacika
SeGWUn_kA0o,HU,Hungary,Káosz 2,Nemes
Ijj3ClV8WQA,HU,Hungary,Van egy asszony,Roland
RHTvwPwBpF0,HU,Hungary,Világgá mennék veled (feat. Geszti Péter),Kozma Orsi
1h4w5Nfqe9M,HU,Hungary,egyszerűen senkik vagytok,kárpátia
BdrHKKTTG7c,HU,Hungary,elengedlek,ginoka
c9KHYIvjXtk,HU,Hungary,A Száva család ha mulat,Kincso Dani Rokko
1ec5zdJPbnU,HU,Hungary,Ding Dong 2,András Csonka
0qkjghSM4As,HU,Hungary,Papírsárkány,Rúzsa Magdolna
1YkzNG3_7mA,HU,Hungary,help me out of here,petruska
5QtwFeMgLd0,HU,Hungary,Kattos,SOFI
tbJGst7CGr8,HU,Hungary,the motion of love,gene loves jezebel
TTrdYIdxmy0,ID,Indonesia,ORA ISO (feat. Siska Amanda),Miqbal GA
8eCndlP5rSU,ID,Indonesia,Tak Ingin Kau Terluka,Anggi Marito & Mario G Klau
LloBF2jH5RQ,ID,Indonesia,Bintang,Pika Iskandar & Aqeela Calista & Rassya Hidayah
BLV7vvn8u8E,ID,Indonesia,Bila Nanti (Live),Happy Asmara
3LBViQkGjlg,ID,Indonesia,Ada Selamanya,For Revenge & Fiersa Besari
EQezAn4Xf4k,ID,Indonesia,Manuk Dadali,Aty Surya
J6ywecrd-qw,ID,Indonesia,Kesucian Ati (DJ Jedag Jedug Ngeslow),Bongobarbar
XEfHYnAedWo,ID,Indonesia,Lonely,Yellow Claw & Weird Genius & Novia Bachmid
m6t8iKv7w3c,ID,Indonesia,Nemen (feat. Gilga Sahid),Shinta Arsinta
R3mud7J-ZNY,ID,Indonesia,Ikan Dalam Kolam (Live),Husein Bawafie
ThAFP3xn8EA,ID,Indonesia,Dermaga Biru (Live),Tegar Septian
W93p02aU4YU,ID,Indonesia,Easy World,Alex Angel
BNDQsR5g42I,ID,Indonesia,ego,andmesh kamaleng
AtHbWBIMXO0,ID,Indonesia,jedag jedug full beat,SL3005
cwbWEfoUG-U,ID,Indonesia,Cundamani (feat. Jasun Biber),Eri Pras & Jasun Biber
uL-HrJCgxjE,ID,Indonesia,memandangmu (feat. vayz luluk),jihan audy
i5L-rXLipss,ID,Indonesia,Perfect Liar,Putri Ariani
5gLe94rL77Y,ID,Indonesia,Tat Tit Tut,Ayu Ting Ting
-oW9-9bsuP0,ID,Indonesia,Isyfa'lana,Keluarga Nahla
nYfr8Pjh2tU,ID,Indonesia,Hutang (Remix),Vita Alvia
LxGCeaoR-V4,IE,Ireland,boys ain't shit,saygrace
UU2iY--yea4,IE,Ireland,from osaka up to tokyo,mick konstantin
vhCEaGWTu10,IE,Ireland,wherever you are,kodaline
7yRC1VJsCk8,IE,Ireland,Nearer My God to Thee,André Rieu & Johann Strauss Orchestra & The Vrijthof Brass Players
eOpuZQOWqu4,IE,Ireland,Breathe,Olly Alexander (Years & Years)
r3RXHOTMmLw,IE,Ireland,alarm,anne-marie
Hy34kzP1isw,IE,Ireland,naruto drillings,offica
OIfFJCfCiWg,IE,Ireland,where we're going,gerry cinnamon
4fQJgNW-lfE,IE,Ireland,Success Has Made a Failure of Our Home,Sinead O'Connor
dm95G9ao2VQ,IE,Ireland,Nothing Compares 2 U,Irish Women In Harmony
Yu7SdgQ9LC4,IE,Ireland,All Things End,Hozier
GC5E8ie2pdM,IE,Ireland,the best,tina turner
KMIKzWyZPSA,IE,Ireland,Black Friday,Tom Odell
i_eoiRvdp-A,IE,Ireland,auld lang syne,dougie maclean
lSKloQyuKvw,IE,Ireland,Stay For Something (Live),CMAT
x_rLT6Y93rk,IE,Ireland,Boolavogue,The Dubliners
U-3SYni_5v0,IE,Ireland,rome,dermot kennedy
MUq2wBpcpgY,IE,Ireland,skiddibop,offica & fizzler
J3c18V3ChIs,IE,Ireland,A Winter's Tale,David Essex
EZ5AlkltXq4,IE,Ireland,My Head Is a Jungle (MK Remix),Wankelmut & Emma Louise
hV_oeKf3dLU,IL,Israel,ברוך השם,kobi peretz
DZQ0LMsgkg8,IL,Israel,tofran,ali al deek
0XMyBlDZB_I,IL,Israel,חולה עלייך,כפיר צפריר
jlBTpu2jvBc,IL,Israel,יש בלאגן גדול,Nathan Goshen
l1gNvI6PajY,IL,Israel,להתמודד עם הלבד,Ben El
BydC_mPhuNU,IL,Israel,תנשום (feat. Eden Daniel Gabay),Nasrin Kadri
dG3NAutpEoY,IL,Israel,לפני שייגמר,idan raichel
UpSWA6mn-Dw,IL,Israel,לוולה,Kevin Rubin
sQcmuAtK0g0,IL,Israel,מאמי,avi aburomi
I_1yf5A_sxE,IL,Israel,Ziki Ziki (feat. Lil Baby & Snoop Dogg),Static & Ben El
aV86GuyK97Y,IL,Israel,כל יום,elai botner & avraham aviv alush
aE07_g_yq14,IL,Israel,אם יש SEEN אז למה ת׳לא עונה?,למה אני חי?
RmtPlkDFD1A,IL,Israel,(Live)יותר מזה אנחנו לא צריכים 2023,Shlomo Artzi
GQHJppzDhMI,IL,Israel,لغير الله ما بركع (live),mohanad zaiter
9w8ugA6Nxf4,IL,Israel,יפה לי היום,idan bakshi
YbdoCyC9r4E,IL,Israel,"מי שברך לחיילי צה""ל",Avraham Fried
Zusr-e5RAfU,IL,Israel,ابو اللبيب - نتالي - بين الليل بين الغربه | دبكات حصريـاً 2024,Michel Brshan
3VH7QNWV0Ik,IL,Israel,שאהבה נפשי,offer nissim & harel skaat
9pSlr9BcKUc,IL,Israel,Unicorn (Rotem Mansano Remix),Noa Kirel
do3uPWM0zV4,IL,Israel,ESTA,Gozlan
glaZwDDrTSo,IN,India,haaye ve,ammy virk
wtVb3pDNtZE,IN,India,पेटवा में चलता लइकवा,ritesh pandey & priyanka singh
1sCiFnPCPYc,IN,India,lockdown,vikram pannu
6o8pxa1PJ1g,IN,India,nanbiye,d. imman & anirudh ravichander
JngV9Ix5hnk,IN,India,majnu,"sukriti kakar, prakriti kakar & mellow d"
Xr7mZ-dNqlQ,IN,India,booty call (feat. farruko),lary over
hVCYwwFwGEE,IN,India,duniyaa,akhil & dhvani bhanushali
xCBF6mvSDZc,IN,India,aeroplane,vibhor parashar
0xDn8x-7Vew,IN,India,nethu,dhanush & santhosh narayanan
9jpsuaZlIss,IN,India,chaha hai tujhko,udit narayan & anuradha paudwal
lBHEnDxF9X8,IN,India,Koyaliya Gati Hai,Anuradha Paudwal
Z7oa_mB9M4E,IN,India,le photo le shivji ko le,neelu rangili
M063dgT5fVI,IN,India,tanhaai,tulsi kumar
I9cTsZKn8bY,IN,India,deewana kar raha hai,javed ali
U_fo4KHwzfI,IN,India,भातरा तुरले बा खटिया के,Chandan Chanchal
2SeNCoP6Zy8,IN,India,bhatar khali plang tode,-- & antra singh priyanka
4n4jH9ZuJ-Q,IN,India,तोरा लेखा बदमाश के मुआ दी खेसरिया धांस के,Tuntun Yadav
gYBZLHXIlmU,IN,India,kamar lachaki,pramod premi yadav & shilpi raj
_17B5BtAwJQ,IN,India,होलीया खेलीले गे जान अलियो तोर नगरी,Santosh Kumar Sargam
r7cUMWxS6Xo,IN,India,aaye ho meri zindagi mein (male),udit narayan
-LT5ZJGj5QA,IS,Iceland,banks of the ohio,olivia newton-john
LWEpqhgUEpg,IS,Iceland,EVILJ0RDAN,Playboi Carti
uy5Wi0fRsEk,IS,Iceland,hafsteinn,pálmar
qxW0X79AQkI,IS,Iceland,Almost Over You,Önnu Jónu Son
4G-YQA_bsOU,IS,Iceland,Bridge Over Troubled Water,Simon & Garfunkel
PGNiXGX2nLU,IS,Iceland,you spin me round (like a record),dead or alive
OYogqvuXqEM,IS,Iceland,the one,trabant
NHozn0YXAeE,IS,Iceland,mmmbop,hanson
mFxojS48FVw,IS,Iceland,önnur sjónarmið,edda heiðrún backman
EuxnvTUEUiM,IS,Iceland,Hold Me In Your Arms Again,GusGus & John Grant
-D4cm_XHy3c,IS,Iceland,Mín Heimaey,Petur Erlendsson
wR9XzsRdg1M,IS,Iceland,neverletyougo,ROLE MODEL
KUpl7PCYgjQ,IS,Iceland,Closer,Eythór Arnalds
7Wgu6A2l5sY,IS,Iceland,Ég nenni ekki að labba upp gilið,Brenndu Bananarnir &
lShwJpf4HZQ,IS,Iceland,Brúnaljósin brúnu,Einar Júlíusson
Z_czLm560A4,IS,Iceland,Desember,SamSam
wxCWTX7QIlg,IS,Iceland,What if I can´t have love?,Friðrik Ómar
9E9-L9_S3V0,IS,Iceland,charlie big potato,skunk anansie
rj3vrBv7le8,IS,Iceland,بچه کابل,aryana sayeed
9TqO-IvScGg,IS,Iceland,skibidi toilet (song),CG5
cPllmDDNjEc,IT,Italy,denim giappo (feat. luchè),guè pequeno & dj harsh
5bRRyMDJ7tM,IT,Italy,Vivere Senza Di Te,Rosario Miraggio
rOLWKV7BcCc,IT,Italy,il giorno più triste del mondo,"sick luke, ariete & mecna"
dDpWOgijUvo,IT,Italy,il meno possibile (feat. gazzelle),marco mengoni
5MLaXKNe0_Q,IT,Italy,bandito (feat. dark polo gang),enzo dong
idcQ75ruZ74,IT,Italy,TONY LUCRARELLI,Fedez
h5EGtDZmXcA,IT,Italy,1 MESSAGGIO,Icy Subzero
ckFIzDpv8EE,IT,Italy,100MILA,Rasty Kilo & Tony Boy & Kid Yugi
6-avkwgFIrg,IT,Italy,Noia,Fabri Fibra & Marracash
qQCzzGeKros,IT,Italy,Restiamo Soli,Gemitaiz & Fabri Fibra
lUkOhpL4fjU,IT,Italy,O primm post,Cosang
O0Bb7vvDyuM,IT,Italy,vvs & molly (remix),"thelonious b., knfuzed & sapobully"
sI_QnAQZO08,IT,Italy,hentai (feat. tony effe),sick luke & --
AgYV21tOJn0,IT,Italy,dedè,maurizio luciano
KxiT5ZnFweI,IT,Italy,haye ni haye,rox a
-Gvgb3K5iOE,IT,Italy,madama blu,franco ricciardi
wIi7xs9UqCE,IT,Italy,Mammami,Alessio
kt1KWL9NZzo,IT,Italy,181,Salmo & Verano
X_-sVTewqXk,IT,Italy,bianco/gospel,gemitaiz & mace
QnKy_vonlWw,IT,Italy,Natale tanto vale,Francesco Gabbani
-7zYPOvPABo,JP,Japan,kaleido proud fiesta,UNISON SQUARE GARDEN
N2-HzUpMY7c,JP,Japan,JUVENILE (feat. JIN),Hatsune Miku
pvvomq79N6Q,JP,Japan,sunny days!,"eye marine , aiurin"
rdel_GeH1qw,JP,Japan,花 (Ballad),Fujii Kaze
3qcC6FYXAA4,JP,Japan,サリシノハラ,ぱなまん
js5Kl9FGCn8,JP,Japan,鉄壁,QUEEN BEE
dhXvMa8egDk,JP,Japan,over “quartzer” (feat. issa),shuta sueyoshi
gnaIJEW676Q,JP,Japan,the lower classes,tokyo incidents
jaFE9YH3Zmk,JP,Japan,揺れる想い,Zard
bof7UD3MJAQ,JP,Japan,PaIII.SENSATION,Yunosuke & Hatsune Miku & Kagamine Rin & Megpoid
MTuZW3eCtkU,JP,Japan,君が僕の心に魔法をかけた,amatsuki
55W2LxbQoHc,JP,Japan,Kagakushu,Ado
ysh39PG2WmU,JP,Japan,はいだしょうこ「ひこうき雲」- 松任谷由実_荒井由実（フル）〈公式〉,yumi matsutoya
X75Qy-GiW4Y,JP,Japan,Deep down,Aimer
2qQ68a-ghdg,JP,Japan,OMG,SUSHIBOYS
Fwc3x6UOTUw,JP,Japan,今話題のどぶろっく「大きな一物をください」を歌ってみた【＿＿（アンダーバー）】,underbar
hnJ_Mes2vpY,JP,Japan,bakemono,nakamuraemi
HKiTKAWNvYk,JP,Japan,バッキンガム,WEDNESDAY CAMPANELLA
zaGAfo_yJLI,JP,Japan,Relay～杜の詩,Southern All Stars
3oKoaz4SLO0,JP,Japan,ロックンロールは鳴り止まないっ,Shinsei kamattechan
BN8K5FZZRqY,KE,Kenya,Na Ng'ang'ana,Trio Mio & Kingpheezle
4q26du85_7M,KE,Kenya,suti nziu malindi,kativui mweene
q2Mw6-WgukU,KE,Kenya,MUHUTHANIO,JOY WA MACHARIA
W30-tbU0rFY,KE,Kenya,testimony (feat. khaligraph jones),hope kid
cM4ZHnJH8o4,KE,Kenya,Somali wa Gob,Saalah Sanaag
DmecdLJNzho,KE,Kenya,Asayi,Musa Jakadalla
aViSJAaCWrU,KE,Kenya,mavuno,heroes of faith ministers mombasa
nx5Pwnat8mQ,KE,Kenya,kinyambiz,odi wa murang'a & states
i-WkO8OJGlw,KE,Kenya,Risky,Tipsy Gee
9cOsdpMZlPw,KE,Kenya,The Avengers Cypher,Khaligraph Jones & Katapilla
mH-kbfX5fhE,KE,Kenya,Bila Doo,Fari Athman
WMeW6IJJGLo,KE,Kenya,john kay skiza,night crusade
yEP9KpixK14,KE,Kenya,ngatho ciakwa,symo k & sammy irungu
jq7fWd9Dzcw,KE,Kenya,sijali,mr seed & timmy tdat
RPQvEoLHSTc,KE,Kenya,Ngai wakwa,Global Music
CpJMjyTMg1Q,KE,Kenya,Nduri Wa Tiira (feat. Cyrus Gitau),Sammy Irungu
DZytoTr16-E,KE,Kenya,waitherero kia murang'a,joy wa macharia
3Q14R1Pr044,KE,Kenya,MIRACLE BABY,KAANA GAITU
z33u5pYtyt4,KE,Kenya,ndovu,"shakillah, sheddy empire & dj spence"
d1wBQX4UEzI,KE,Kenya,skankin' sweet,chronixx
ojRj2JK5oCI,KR,South Korea,bohemian rhapsody,pentatonix
x4XOZ4LotYc,KR,South Korea,FREAK LIKE ME,CAMO
WuiBdljkU2E,KR,South Korea,170708 smtown live ending - onew focus,sm town
pPAAFMtDUzo,KR,South Korea,changes,lauv
4liY0E7XBTw,KR,South Korea,날아가자 (live),알라리깡숑
W0M-eje90TU,KR,South Korea,아날로그 (analogue),buzz
DgT4CPv_CCE,KR,South Korea,sober,suzy
BXbKa0EqW8E,KR,South Korea,mirror (feat. justhis),superbee
faAObMnqMKY,KR,South Korea,Welcome Back (Remix) (feat. D.Ark kitsyojii & Roh Yun Ha),M1NU
ONTJkxINr1U,KR,South Korea,There’s A First Time For Everything,Charlie Puth
Yxj0QTk4gko,KR,South Korea,cameo,lovelyz
5sIaUu2igUY,KR,South Korea,horololo,exo-cbx
jGGQyqohOaw,KR,South Korea,우연인 듯 운명 (but it's destiny),10cm
UpLwQAN25so,KR,South Korea,샘이나,gugudan semina
tQbIvj7jM9A,KR,South Korea,akmu - '항해(sailing)' full album sampler,akmu
tBCoITfR6GQ,KR,South Korea,아이엠,IVE
-4sq1sUI7-I,KR,South Korea,솔직히 지친다 (everybody has),chung ha
K7LnjbxJB9E,KR,South Korea,형,norazo
0m0w1wEReOI,KR,South Korea,Copycat,Apink
T9EKqFrer9U,KR,South Korea,애인이 되어줄게요,KIM HOJOONG
sPTDOXYQsOo,LU,Luxembourg,Shokret,Reza Pishro & Amir Tataloo & Tohi
z1iGSmbdWEk,LU,Luxembourg,Stranger,Joel Marques & Joel Marques
glu5HqhPR4I,LU,Luxembourg,orienta,jah arrogante
NGK2Nb0lblo,LU,Luxembourg,ENGANAN,Ruben Teixeira
YOtdB3gIp_k,LU,Luxembourg,Nkre Dau Tudo,Lejemea
7uYwxGSJOMk,LU,Luxembourg,Sabi Ku Para,Mc Prego Prego &  &
MEwgLO2Dxk0,LU,Luxembourg,bu muda,tony fika
TycNHP5TZAg,LU,Luxembourg,Deus Abençoe,Mc Prego Prego
v5n_9WKbmbo,LU,Luxembourg,cocktail,tovaritch
PxNR19Iu1hs,LU,Luxembourg,Mundo Gira,Pcc & 2C
REE7tdO17WM,LU,Luxembourg,Jangale Tarik,Ho3ein & Amir Tataloo & Reza Pishro
-rT_0DJQygY,LU,Luxembourg,AMIGO (feat. Camoka ZENY GAITA & LENINE GOMES),Titio de Belo
TPICjKOyCUw,LU,Luxembourg,Baby Oonam Dooste Mane (feat. Tataloo & Pishro),Tohi & Amir Tataloo & Reza Pishro
c0q6ptEaeDo,LU,Luxembourg,Dexam,Trakinuz
g3F8KSE_s58,LU,Luxembourg,Drop,Angy & Rafa Ela
hV3i-2bykvo,LU,Luxembourg,Dexan Mostrau,Ravidson
PbKnsKSayRs,LU,Luxembourg,PAPI (feat. Neyna),Mr Carly
FGxu4N7rPx4,LU,Luxembourg,Raven (feat. LOLO),Brooze
TmFP1AP-afM,LU,Luxembourg,toxic,kehlani
mX8A0HR8isY,LU,Luxembourg,Pondodu,Dynamo DNM & Boy Game & Pcc
ggzR6BQXAk0,MX,Mexico,Bombas,Alemán & Ximena Sariñana
ZLgU_h1V6DA,MX,Mexico,me dolió,"kenia os, alan jacques, kid gallo featuring alan jacques & misael quintana & amador"
tuhxZytmhss,MX,Mexico,él lo tiene todo,yuridia
whnKlYxrops,MX,Mexico,siempre high (feat. jozue),"gera mx, santa fe klan & neto peña"
6gPAjNCyHB8,MX,Mexico,Sin Yolanda,Gabito Ballesteros & Peso Pluma
_BcRXT8DUu0,MX,Mexico,sientes lo que siento,virlán garcía
K7Ayxc_RaU4,MX,Mexico,Quédate,Santa Fe Klan
rgQacXMj7EQ,MX,Mexico,La Tamalera,Luis R Conriquez
UsjvI9tG9u8,MX,Mexico,Todavía No,HA-ASH & Nanpa Básico
bSmvp0w2zYY,MX,Mexico,por siempre,"kenia os, kid gallo, alan jacques, amador, d. krugga"
C0vS_SbaaFI,MX,Mexico,humo en la trampa 3,"alemán, phul king fu, yoga fire, fntxy, cozy cuz, --, big soto & dee"
eDDXIycpNNU,MX,Mexico,Mi Porvenir,Victor Cibrian & Fuerza Regida
f8edbq7JoqQ,MX,Mexico,Liga Malandra 3 (feat. Tiro Loko El Jincho & Sinful El Pecador),Tren Lokote & C-Kan & Dharius
6FQLjcGmOaU,MX,Mexico,la farsante,grupo arranke
7976yzHXBJc,MX,Mexico,es dificil ser un santo,herencia de patrones
ORDVCeBjJdM,MX,Mexico,deja (en vivo),"grupo firme, el mimoso luis antonio lópez, luis angel ""el flaco"" & luis alfonso partida ""el yaki"""
0FfElnIC8mM,MX,Mexico,tremenda,lefty sm & mc davo
bTSTMIoNf9k,MX,Mexico,siempre es lo mismo,"mc davo, gera mx & samantha barrón"
wlTbG2KT7Qs,MX,Mexico,El Niño Sicario,Calibre 50
DGZLtb-MWp4,MX,Mexico,los bandidos (feat. gera mx & darkiel),mc davo
_NhsqbdBupw,NG,Nigeria,feel am,mayorkun & flavour
KPLiJsyfegQ,NG,Nigeria,God's Servant at 70,Tope Alabi & Ayo Alabi
KqQM-RDBgsw,NG,Nigeria,Modupe,Crayon
53TPiSGhU4E,NG,Nigeria,Stir It Up (feat. Sarkodie),Bob Marley
lT_jsY3ZZ50,NG,Nigeria,halimatu sadiya,isah ayagi
_ucP8kbT6gM,NG,Nigeria,father (feat. davido),medikal
rSO6EYGIILo,NG,Nigeria,Spending,Johnny Drille
WgHo7tPyFIw,NG,Nigeria,Yawa No Dey End,Majeeed & Joeboy
hXeozPzwKd4,NG,Nigeria,born to win,oritse femi
1XguzYcXUYU,NG,Nigeria,billion dollar woman,madrina
3UScllNm7hY,NG,Nigeria,OCEAN,B Young & BNXN
4XIvB4rPehs,NG,Nigeria,Peace,Brown Joel
VGNUJR2WDT0,NG,Nigeria,udue,waje
Yoxk6ZXxwNA,NG,Nigeria,"incoming (feat. zlatan, dremo & idowest)",danagog
5S5FARJ8Hoc,NG,Nigeria,imagine,Omah Lay & Aitch
lsFMXK1YPG8,NG,Nigeria,redemption,runtown
L4sbDxR22z4,NG,Nigeria,k.,cigarettes after sex
8_nVzWnNh0s,NG,Nigeria,Do You Mind?,Adekunle Gold
r_uDOoCj4_0,NG,Nigeria,splash,"patrice roberts, nessa preppy, travis world & dan evens"
27Ce8iN5NqQ,NG,Nigeria,Mamba,Larrylanes & Bella Shmurda & Seyi Vibez
M0EH5MPSMYw,NI,Nicaragua,yo soy el sugar,juan caldera
uVsuw6g6nCI,NI,Nicaragua,no basta rezar,los guaraguao
Gg_E9QhAMmo,NI,Nicaragua,soy así,lulu99
ZnNFT4BgQOg,NI,Nicaragua,para tí madrecita,julio jaramillo
MhhjnSwTsD8,NI,Nicaragua,Cumbia del Apache,Alfredo y sus Teclados
ciOi8LxqjT8,NI,Nicaragua,Despertamos (feat. Erwin Costa),Daliko YvngBoy
wSHbeL3sR2g,NI,Nicaragua,cuando sea grande,shaira selene pelaez ruíz
HHyuMFqxWNg,NI,Nicaragua,Echame tierra pero no mierda,Fuzion 4
IxVPwvdhgs0,NI,Nicaragua,Un pacto con Dios,Rabito
RN-LFy1eBHM,NI,Nicaragua,Nicaragua la Chavala Linda (feat. Ale),Luis Pastor
clNoVpicL9A,NI,Nicaragua,Enamorada y Herida (En Vivo),Marisela
ZllgNaVpYz8,NI,Nicaragua,el estropajo,los karkiks
rX_NFOLYxb8,NI,Nicaragua,ni chicha ni limoná,víctor jara
H7DYp3eCUcI,NI,Nicaragua,Dañame la Mente,Mirialis
eXX-3FjTAJw,NI,Nicaragua,Esto Es Diciembre (En Vivo),Alquimia La Sonora Del XXI
YO-JGE1c8hE,NI,Nicaragua,Me Estoy Enamorando,La Mafia
oyJvhzCztNU,NI,Nicaragua,la consigna,carlos mejia
Su3M-rnvb6Q,NI,Nicaragua,quiero dormir cansado,emmanuel
YlwBtzeIAZc,NI,Nicaragua,un día lleno de amor,fsln
zh0C4Z4VchY,NI,Nicaragua,guardian de mi corazón,annette moreno
SnunPV-XTbA,NL,Netherlands,It's Beginning to Look a Lot Like Christmas (feat. Mitchell Ayres And His Orchestra),Perry Como & The Fontane Sisters
9SuASrE_vCs,NL,Netherlands,Pakken Grof,Lijpe
muKzJrM9Hls,NL,Netherlands,viervoeters (live),miss montreal
nlgxtTojDBI,NL,Netherlands,Mossels (X-Qlusive Holland Remix),De Mosselman & Altijd Larstig & Rob Gasd'rop & X-Qlusive Holland
9u2iO0eh56s,NL,Netherlands,shikkie,souff
dkVjNVt0GT0,NL,Netherlands,Marbella,Kosso
5ns4cNiEPEU,NL,Netherlands,Koning Van Het Feest,Frans Bauer
1Dzz6ZvG-QY,NL,Netherlands,No More,Dior & Jayleemay
yxOjGKIw-cI,NL,Netherlands,afstand,dopebwoy
dOGSwl8Haxg,NL,Netherlands,Улицата,Preslava
TO9hznxZPaQ,NL,Netherlands,Mijn Engelbewaarder,Mieke
E2fPGGZgp-M,NL,Netherlands,waar ik vandaan kom,pierrii
v1w72Ilsaqw,NL,Netherlands,terug naar vroeger,ammar
u16OsA3_ct4,NL,Netherlands,i will always love you (live) (feat. candy dulfer),glennis grace
4q4jyk-kubs,NL,Netherlands,bos hout voor de deur,rené karst & bökkers
O76LY5X46rg,NL,Netherlands,Shine (feat. Sonny Wilson),Showtek
my-0bVBDfvQ,NL,Netherlands,Onbegrepen,Fresku
rcV3s_7kHsM,NL,Netherlands,nie bekannt in deutschland,rapper sjors
H2ClbOY97Uw,NL,Netherlands,Teut,Gladjakkers
T6SVvZSvesY,NL,Netherlands,Voordat Ik Stop,Outsiders & STUK & Fokke Simons
yazl2mApeFA,NZ,New Zealand,THUGGIN,Revus & JKING
EzwKqxGQCuw,NZ,New Zealand,ksb (always on my mind),rai-elle
zAGpw_qZDks,NZ,New Zealand,Souljah Feeling (feat. Chad Chambers),Tomorrow People
QlkWUFKMFnc,NZ,New Zealand,teri yaad (feat. parmish verma),goldy desi crew
wtAGjvOD6y4,NZ,New Zealand,jericho,peyton
bLf2ralMTWA,NZ,New Zealand,Alofa Natia 2,SABBHRIE & Saehoney Sapa'u & Pesega Boe
2LZz7aSk2zI,NZ,New Zealand,"riff off: mickey/like a virgin/hit me with your best shot/s&m/let’s talk about sex/i’ll make love to you/feels like the first time/no diggity (the barden bellas, the bu harmonics & the treblemakers)","the barden bellas, the bu harmonics & the treblemakers"
SGynyWwCHk8,NZ,New Zealand,Dutchie,DJ Noiz & Donell Lewis & Kennyon Brown & Raggadat Cris
2vNZvu2oWzk,NZ,New Zealand,To'ilalo le atamai manumalo le tupe ma le pepelo,Misiluki Su'a
PngN1d7P6H8,NZ,New Zealand,Country Boy,Maoli & Fiji
qffM7LWjNw0,NZ,New Zealand,Rodeo (Remix) (feat. Flo Milli),Lah Pat
VjEq-r2agqc,NZ,New Zealand,Don’t Give Up,Peter Gabriel
KPeBi7Ul26Y,NZ,New Zealand,tafu'e ole satauro,mary talosaga
1lTd9FQmmw4,NZ,New Zealand,Baby Nofo Mai,Vera Wilson
hYV3yWe3BfI,NZ,New Zealand,keli hila,dezine
kAV_6EHIuXU,NZ,New Zealand,friday,th4 w3st
QkjApofl8TE,NZ,New Zealand,DOKS (feat. JANAH ERIKSON),Shane Walker
lnigc08J6FI,NZ,New Zealand,The Horses,Daryl Braithwaite
CWsmZ63lve4,NZ,New Zealand,crazy,jessie reyez
Y2Hzoqgf9T8,NZ,New Zealand,Ua e lē alofa,Lagi Mata'utia
fFhYID-JPJA,PA,Panama,FLOW CAPO,BCA & BARBEL
HcwEyLhwL54,PA,Panama,como un bebé (feat. mr eazi),j balvin & bad bunny
F3TlsncGPHk,PA,Panama,Airdrop,El Tachi
UC2wDLsLSSU,PA,Panama,Zarcos,Wvltz & Yemil & Eiby
DCou57HTaBk,PA,Panama,ratas y ratones (feat. faster),boza
TyVGFBlhcu8,PA,Panama,Joseo (feat. Quimico Ultra Mega),Anyuri & LH
dIUQEpZwW94,PA,Panama,cerrando capítulo,noriel
8klwNBveu88,PA,Panama,Mi Fiesta,Quimico Ultra Mega & LH & Anyuri
NDCjC7OX-W4,PA,Panama,Amor A Medias,Leonardo Marín Y El Sonar De Lo Nuestro
bvPWOzlfMf4,PA,Panama,"carta (feat. fulo el yeyo, tot, akanni, tobe love & japanese)","lh, rayx & el zeta"
l_ZAbRoJBzc,PA,Panama,muerte a calero,robinho
mUSsyCtoC60,PA,Panama,meneo sucio,dubosky
7MG_VHxOwrc,PA,Panama,Moschino,Eiby & wvltz & At' Fat
bwuOQ_-fg9A,PA,Panama,yo te llamo,"joey montana, de la ghetto & noriel"
y1BAzfukgG0,PA,Panama,el palabreo,"izzy guerra, sour & yandel"
4nbBTmGOusA,PA,Panama,Airbnb,Anuel AA & RobGz
ykCWL_B3r88,PA,Panama,Con Silenciador (feat. Boza),Faster & Kbchappo & Andiex
XZ-0F7T3rtI,PA,Panama,LXLX (LOLLIPOP),wvltz & Eiby
RyPxkH_F0rI,PA,Panama,no puedo olvidarte,alejandro torres y las estrellas del ritmo
eHuzOQOeUUQ,PA,Panama,With U,Danny Yash
7MvsdIScjb4,PE,Peru,Tu Amor Me Duele,Anna Carina & Corazón Serrano
SZOl_CXNKzQ,PE,Peru,Que se vaya,MEGAFIESTA PERÚ
p9J3nLXQyaw,PE,Peru,La Cantante (Salsa),Yahaira Plasencia & Ator Untela
wjwa_1v-NSs,PE,Peru,Si yo fuera Residente,Ator Untela
qVfJtWgHFN8,PE,Peru,Me Dices Que Te Vas,Ivan Cruz
vhQQ3fQiHRo,PE,Peru,Amor a Primera Vista,Duo Encantos del Peru
-6jR_dguHyo,PE,Peru,olvídame,string karma
z64yKMIaK2I,PE,Peru,"mata pe (remix) (feat. ator untela, murder & young eiby)",strong black
WPxrttmHL_k,PE,Peru,Como Si Fuera,Gonzalo Genek
mx3PKL7YZOI,PE,Peru,Tu De Que Vas,Los 4
l7VMGAffyXU,PE,Peru,Polaris,Fixty Ordara y Ja Rulay
CzYrMns8QAg,PE,Peru,otra vez,izaak & darell
aJ6-h_Qw4_Y,PE,Peru,te besaré (feat. bryant myers),jonathan moly
FnsnT-_ePaY,PE,Peru,"cariñito, quiero amanecer, la murga, caballo viejo (live)",josimar y su yambú
A78_TGaBD5g,PE,Peru,Amor de Mis Amores (En Vivo) (feat. Angelo Villanueva),Grupo 5
lNR4TrmRIcY,PE,Peru,cholo soy,luis abanto morales
y2NYl12g59E,PE,Peru,Mix: Siempre Pierdo en el Amor / Pienso en Ti / Quieres Verme Sufrir Llorar,EL GRAN CHORRILLANO
dX4BcD1K9fU,PE,Peru,akel pastel,Jaze
TmkYq0D7TVA,PE,Peru,tranqui,jaze
-Ht0SyOeLWU,PE,Peru,te gusto,francisca aronsson
Mb674mhPRv0,PL,Poland,palenie zabija,chivas
7VmFJBdsMGQ,PL,Poland,zanim pójdziesz (feat. natalia szroeder),miętha
1esitwhPDCY,PL,Poland,Nie było to pisane nam,Kortez
RRkk6NtsJv8,PL,Poland,argentyna,defis
u_DNYXHw6mw,PL,Poland,Bushido,GMB (Fonos) & Gibbs
TAD5iS9rUYE,PL,Poland,kokaina,"tymek, ka-meal & secretivesuicide"
B4JbhSo7sJI,PL,Poland,ona chce ten koks,trapvila
khtHkmTdIkw,PL,Poland,POCZEKAM,LEXY CHAPLIN
LnZa3Cop8_M,PL,Poland,sztuka wolności,"bonus rpk, białas & paluch"
cYf_434yTK4,PL,Poland,BIZNES,Jan-rapowanie & Kaz Bałagane & KęKę
juZHNgI_sHQ,PL,Poland,Mam tego dosc,Malik Montana & Aleshen
W2trq2APLIw,PL,Poland,plik,dziarma
sQCof2oeUbA,PL,Poland,Melodyjki,Borixon
EHoBeipzMwc,PL,Poland,WSZYSTKO GUCCI (feat. Sergiusz & 2K),Young Igi & Otsochodzi
ybKYTy_3rHQ,PL,Poland,Wczoraj,MODELKI & Vłodarski
_rOVBXw47mk,PL,Poland,WINDA,Kinny Zimmer & Kaptur
i8Q6AB3Zcnk,PL,Poland,MŁODY MA TO,BUHAJ KLAN & Żabson & Waima
xtOYyTsP5y4,PL,Poland,Daj tylko czas,Kacper HTA & Gibbs & Oliver Olson
_CaOlNQLq6o,PL,Poland,mów do mnie,dudek p56. & wjs
6OhUvS_L_jc,PL,Poland,amnesia haze,kartky
fRtOdFCkg6E,PT,Portugal,Teto de Estrelas,Deejay Télio
w4AudrfdmcI,PT,Portugal,ogiva,m1ke
rVUl5vBT1cs,PT,Portugal,qué passa (pablo y pepe),x-tense
FTU7in3J5zU,PT,Portugal,quem se lixa sempre é a discoteca,tio jel
hBYv_0RkNA8,PT,Portugal,à nossa (feat. tiwi),double trouble
DjyLy7RUwds,PT,Portugal,amor em tempo de muros (feat. lila downs),pedro abrunhosa
_wKPaKtS2Is,PT,Portugal,problemas (feat. kombat),9 miller
hxMm80kRihw,PT,Portugal,Minha Best,D'benilson & Delma Silva & Dj Kalisboy
YhxOUeZknN8,PT,Portugal,Apaga o Meu Número,Kappa Jotta & Deezy
sYNsMgGzcIc,PT,Portugal,Chapa Quente,Força Suprema
2hQ-F9-vF9Y,PT,Portugal,Alzheimer (feat. Arem Ozguc),Phoenix RDC & Valete
q1tC8PSDJe4,PT,Portugal,zaza,lon3r johny
NP4iqk9WyB0,PT,Portugal,colinho,angie costa
h6HiOdZXLtQ,PT,Portugal,Estrada (feat. Slow J & ProfJam),Mizzy Miles
Mgq7Rs7TosM,PT,Portugal,badman,plutónio
BZs2ixvEyKM,PT,Portugal,Menina Se Prepara,TERROR DO ES 027
KHEYXzcvyfc,PT,Portugal,Habibi,Ruben Aguiar
BeMfhGgitZs,PT,Portugal,Volta,Aurea & Antonio Zambujo
DzJR_KbfT7s,PT,Portugal,faz questão,messias maricoa
upetew0AtMs,PT,Portugal,jacarandá,ana moura
-E5lmFh_0x0,PY,Paraguay,Heridas,Will Fretes & KchaKumbia
z6dGipRSdOY,PY,Paraguay,Colorado (Motivo Popular),L. Raul Almada López
TJSgByHSpRc,PY,Paraguay,che sy mi pora,reynaldo meza
xqV-zGD66dw,PY,Paraguay,amigos entre comillas,talento de barrio & --
5abamRO41fE,PY,Paraguay,Psychosocial,Slipknot
zswHFGm9b6Y,PY,Paraguay,amóntema leka / moopa ñamokõta / ka'u ko'ẽ,tordillo negro
mH_buq-7qs0,PY,Paraguay,La Ladrona (En Vivo),Grupo Frontera
VStJxA9Kiqw,PY,Paraguay,Amor Propio,Marilina
WeZGJ6NLFi8,PY,Paraguay,Te Lo Pido Por Favor,Los Noa Noa
FpslVgJrty8,PY,Paraguay,Ella Se Olvido de Mí,Los Ángeles Azules
NbP3Pe7XyCE,PY,Paraguay,MTG MULECA,DJ Fepas
0wqppSsdWE8,PY,Paraguay,los símbolos (feat. milk shake),kchiporros
wXtJUqa8zTQ,PY,Paraguay,besos mojaitos,dahiana
P8gsxBoJn6M,PY,Paraguay,aguije,tierra adentro
l4Wq6lEMPWk,PY,Paraguay,bésame,nadia portillo
tLHG52Rs2Zg,PY,Paraguay,Besos Mojados,Wisin & Yandel
1VRO3rtUIUY,PY,Paraguay,Qué Ganas De Verte (En Vivo),Marco Antonio Solís
2-aLz-I9_oM,PY,Paraguay,Si Me Ven Llorar,Mily Britez
D-xcQC2ffDo,PY,Paraguay,Virgencita de Caacupé,Jazmin Del Paraguay
wPt8KAjnxvg,PY,Paraguay,tributo a bronco,will fretes & marilina bogado
l6xMNGCY7eA,RO,Romania,cea mai buna piesa,betty blue
4bgrn4SS8ss,RO,Romania,Două inimi două stele,Puiu Codreanu & Armin Nicoara
yVMV-hMnMIE,RO,Romania,Floare de nu-ma-uita,Petruta & Cocos de la Calarasi
L4Y5KJfx2Ws,RO,Romania,5 DOSARE,Mobtrap
wbawhWMAkAg,RO,Romania,altă dată,cezar stratan & eva maría
6PCbqp1hk7s,RO,Romania,La Pieptul Meu,Sebastian Dobrincu
Yz_EeCsjixs,RO,Romania,am fost a ta in exclusivitate,petruta
6pQUOskGfno,RO,Romania,SPUNE-MI,NOUA UNSPE
NmIS2XPafvI,RO,Romania,Uita-te in ochii mei,Zenys & Bogdan iove
N7pmPt5-66Y,RO,Romania,Flori (feat. ADDA),Mark Stam
6mOtUvqOnZc,RO,Romania,de cate x vrei tu,amna
g6mNueuu8c8,RO,Romania,Daca nu se va intoarce,Lele Esposito & B.Piticu
TCqFCwO6xjo,RO,Romania,Ce sa-i fac inimii mele,Camelia Rosu
Pq2D5_sLH4s,RO,Romania,aripi deschise,el nino & irma
WMLZ5n8ObKM,RO,Romania,stele,3rei sud est
1uldbfT264k,RO,Romania,O Mie De Pahare,White Mahala
i5M3-iWfe2Y,RO,Romania,o nebuna cum sunt eu,liviu pustiu & patricia
iZK73kYIGHM,RO,Romania,Cine,Nicolae Guta   & Denisa Raducu
BtQno-X65vM,RO,Romania,Monalisa,YNY Sebi & Amuly
m6xu9A1Mgco,RO,Romania,"coborat-o, coborat",ștefan hrușcă
I7CXfeE5GqY,RS,Serbia,Panika,Valentinna
cyjtOVhxN_s,RS,Serbia,Zla Kopija,Goga Sekulić & Maus Maki
t9gXfXMwGOo,RS,Serbia,bolje mi je bolje mi je,đani
dnLeSzOoRj8,RS,Serbia,Promenada,Zorana Micanovic & Grand Production
unGlrm8n48Q,RS,Serbia,voli me,ministarke
4woQBUX3rFE,RS,Serbia,flešbek,marcelo & --
tWwgc_m9Buk,RS,Serbia,miris parfema,colonia
IlOITnscuMQ,RS,Serbia,Noc,Indira Berisa
nW9LmFJKfKM,RS,Serbia,Jeste,Bradda & Fox
qcT2YeunBOw,RS,Serbia,s line,surreal & ognjen
QcaPThCrweU,RS,Serbia,moracu da ostanem,thcf
aezgXC00hQw,RS,Serbia,gizdave gaćice,bad copy
93Kh8IzlXoQ,RS,Serbia,odavde do neba,dženan lončarević
WvwadTY0epo,RS,Serbia,ЗА ЖИВОТ СРПСКЕ,Danica Crnogorčević
Y2cyFXBo9o4,RS,Serbia,Prozor,Marija Mikić
MHiQDvejiZE,RS,Serbia,o da,rialda
NOugeHjSD50,RS,Serbia,nespretni,svetozar
nF7le8CBVQs,RS,Serbia,Splav,Muxha
okk4XlXEmVk,RS,Serbia,battle (vol. 3),projekat bend & beca fantastik
JTBF0qPgdvQ,RS,Serbia,nedostaješ,šako polumenta
ZFYBpCVFYIg,RU,Russia,Родина моя,Aleksandr Marshal
PFlnH1SqFXg,RU,Russia,ветер в кофе,рената
lITFZHqWYEE,RU,Russia,Boshidan qolsin qizi,Diyor Ergashev
B8DlUDu-CY0,RU,Russia,друг друга,open kids
we5VsQ-_oWM,RU,Russia,thx cypher,"gokilla, knownaim, эмелевская & маша hima, tills & jekajio"
FVMAfl5FKl0,RU,Russia,А ты смотрела мне в глаза,Dmitry Grevtsev
nPyR53_hQUI,RU,Russia,yurak,botir qodirov
GEOcT0gvOGc,RU,Russia,лягушка,shodi
wEOQGmqstYY,RU,Russia,самый дорогой человек,nervy
44sNS8Arq2s,RU,Russia,kichkinamiz,jamshid sultanov
sQkIv-JgJPY,RU,Russia,***beep***лан,nogu svelo!
lakJiuCazfk,RU,Russia,Ойгул,Jasur Umirov
LYU-8IFcDPw,RU,Russia,faint,linkin park
q204xzgzup4,RU,Russia,band odessa молодая   невозможно оторвать взгляд  автор песни ефрем амирамов re480px,efrem amiramov & band odessa
bueGYuH0cpk,RU,Russia,без тебя ни дня,ruslan pestow
k_M2pPYYYH0,RU,Russia,"australia, let’s dance. it’s time to meet your stars.",dami im
12CsEuxN5vQ,RU,Russia,Яблонный Сад,Shortparis
DxRm-MadV9E,RU,Russia,феникс,natalia podolskaya
Dh8mtOoMuq8,RU,Russia,Xazonmidi,Mirjalol Yo'lchiyev
OywNipI1tuM,RU,Russia,goat,bella thorne
uM9uP2y5SvY,SA,Saudi Arabia,حبيبي فرحتي لقياك,Kau1l FM
6B-1DfS-cMM,SA,Saudi Arabia,Ma Arda Aaleh,Jaber Al Kaser
HIHKxK8mg9Y,SA,Saudi Arabia,عيشتني بوهم,Nabeel Aladeeb
ZdZyY3JnICI,SA,Saudi Arabia,Aadet Alaykum,Abdul Majeed Abdullah
VRYX4Q_PY9Q,SA,Saudi Arabia,ماتشوفه عيوني,Fahad Al Kubaisi
S5OjcN8LNtQ,SA,Saudi Arabia,El Omor Mara,Talal Salamah
jHooEsJstrw,SA,Saudi Arabia,نسناس الهوى,naji ben bassem
t14gbW-E3ZI,SA,Saudi Arabia,رسايل أمس,Sultan Khalifa
jUNYWYUSDNc,SA,Saudi Arabia,Tyeeb betabeay,Ali Bin Mohammed
PaL3urx3l5o,SA,Saudi Arabia,شعر شعر,Hassan Al Rassam
86anS0RQYGw,SA,Saudi Arabia,جعلني ماخلا,ghareeb al mokhles
6FeDxoZ2_q8,SA,Saudi Arabia,وش يسعدك,Nawal El Kuwaitia
jytS-E1ywCQ,SA,Saudi Arabia,خل نفترك,Habib Ali
NZS3MPAHws4,SA,Saudi Arabia,تل قلبي,Faleh Altouq
f4IaNQUHBC8,SA,Saudi Arabia,مبروك,محمد جبارة & Muhammad Faridoun & Muhammad al-Khayat & Ali Buhamad &
3NqMmAYSrJw,SA,Saudi Arabia,Saudi Most Wanted,$kinny
idAOVoEiATs,SA,Saudi Arabia,ضفاف الليل,ALI - ALWAHBI
u2pW3pLzIdQ,SA,Saudi Arabia,أنشودة العيد,Rabie Al Yami
thcC7IRw_bc,SA,Saudi Arabia,قلب خواف,Abdullah Tariq
afxoyNfWBsU,SA,Saudi Arabia,بابا يعمي,Youssef Al-Roumi
yPxtv9A2llM,SE,Sweden,satisfaction,b.baby & hanna ferm
Z0Wk8qxP9ig,SE,Sweden,abidaz x rozh - w a r (lyrics),abidaz
T8xpEbRdOXI,SE,Sweden,Miss Decibel,Medina
US0pzrjIL3E,SE,Sweden,ghetto,sinan  & bob jr
tta6ZxbeNDw,SE,Sweden,vänner,newkid & myra granberg
26brmNWpAW0,SE,Sweden,Blessed,Jiggz
pIdEKtUN3BI,SE,Sweden,야몽음인,Leebada
ZKn2ky9QbL0,SE,Sweden,"al ahbab(mustafa alabdullah, salah hassan, ali jassemy & evan naji",صلاح حسن  & evan naji
55bPT5LoYac,SE,Sweden,First Day Out Freestyle,Nilo
uKdPIcHlsow,SE,Sweden,medicinen,denz
Uv1YhNW0Fvg,SE,Sweden,saba andemariam - ayani | eritrean music,saba andemariam
KCHoaz1DG_4,SE,Sweden,call upon,penthox
Pmz8y5R8qkc,SE,Sweden,ጸሎቱ ሰሚሩሉ (Live),Tekle Kiflemariam Wedi Tukul
HGjIN1gNyXw,SE,Sweden,allah alaik (feat. noor alzeen),noor alzeen & melhem zein
WInPsjynmoA,SE,Sweden,jag vill ha dig baby,2 blyga läppar
yZfHX-TsaC4,SE,Sweden,pengar,ison & fille
60vE-T66q8E,SE,Sweden,om du lämnade mig nu (feat. miss li),lars winnerbäck
eHqCyq2Gv0c,SE,Sweden,criminal,benislav & denkov
Llk7cSzm_tE,SE,Sweden,Tap Dat,Z.E
TBOyDO3OBuk,SE,Sweden,ballin,"b.baby, adaam & buddha vybez"
5prw6gy53XI,TR,Turkey,Tabut,Burak Bulut
wB8x81sXd48,TR,Turkey,yosun,kenan doğulu
8ZsOL_6hVkI,TR,Turkey,öldü say,yiğit mahzuni & aysel aydogan
BhlRoQXS6No,TR,Turkey,yalan söyleme ibo,tolunay
hWI1El7gyqg,TR,Turkey,yak yak,furkan biçer
oyXYIUioJ2g,TR,Turkey,cehennemin dibi,massaka
iaF9YIrlguQ,TR,Turkey,DEMET ELLOO - Yaşanmayan Günler Var (Enes Çanta Remix) Bari Huzur Ver Rüyalarımda,Demet Elloo
X8AhCFljOSo,TR,Turkey,Erdoğan,Uğur Yılmaz
6ViZ_oz_A8g,TR,Turkey,yalnızlığıma ver (feat. ece mumay),tuna kiremitçi & ece mumay
N-uFfqJ9q2s,TR,Turkey,gel de sevme,ebru yaşar
lHucqmu4iwU,TR,Turkey,ruh,rota
grjlXtjRC-U,TR,Turkey,eksi,"bege, murda & summer cem"
FIu7L4EZjW0,TR,Turkey,Ne Olur Gitme,Seda Tripkolic
YjLDvsJpyUo,TR,Turkey,Güya (Akustik) (Live),İrem Derici & Onurr
B5cs3Cqqplg,TR,Turkey,Manolya,Stres Beats
eQbTz-OUyfA,TR,Turkey,aşka bağlan,ömür gedik
PTTlQs-HGs4,TR,Turkey,ölebilirim,pera
VZBC2pc7erg,TR,Turkey,yüreğim davacı,çağatay akman
oxCLguYH0kI,TR,Turkey,dilenci,zara
jbwWpKF38xQ,TR,Turkey,Sevme,Ayaz Erdoğan & Tefo & Seko
3pcnXjgqG1c,TZ,Tanzania,odo ummy,kassim mganga
6FkPk0_MNig,TZ,Tanzania,changanya,beka ibrozama
EyHSd8q6Qnc,TZ,Tanzania,Sielewi,Jay melody
HXweVWP8jA0,TZ,Tanzania,Mmetuona,Darkid
mPtsxOLwWvE,TZ,Tanzania,Lemmy,Best Naso
8qznYUNmjIQ,TZ,Tanzania,umeniweza,solomon mkubwa
kFgkN2faMew,TZ,Tanzania,wazungu,"abbah, --, marioo, -- & --"
RsQyHXRm7DQ,TZ,Tanzania,Usiku Mwema,Ibraah
Kf4zEZcegxo,TZ,Tanzania,Zawadi,PAUL CLEMENT
Z_0-_K8jCPM,TZ,Tanzania,Overdose,Marioo & LADIPOE
S09ePJxtYdI,TZ,Tanzania,bakwine (feat. young killer & barakah the prince),manengo
TyFYPz2V2ZY,TZ,Tanzania,Sina Chakukurudishia,Zoravo
PQoAPpBdHKc,TZ,Tanzania,Nyoo,Whozu
jbb2nQek6WU,TZ,Tanzania,kabaka,saida karoli
mQWfOw70xWs,TZ,Tanzania,PUMZIKA SALAMA LOWASA,Peter Msechu
6Rqy3BpSr_U,TZ,Tanzania,mungu hana upendeleo,martha baraka
PlhCeUx8F-Q,TZ,Tanzania,thamani ya mama,isha mashauzi
StXxa2cUBME,TZ,Tanzania,Msikilize Roho (Live),AIC Chang'ombe Choir
PEwBDaNk9Xs,TZ,Tanzania,Respect,Msodoki Young Killer
IfXU9uB-p9g,TZ,Tanzania,nieleze,ibrah nation
6wvtY2b4zHM,UA,Ukraine,VLAGA,Arut & Big Baby Tape
Pj6w83vb5MU,UA,Ukraine,не раз убивало,vitya ak
z0RyuAB0lp0,UA,Ukraine,Плачут иконы (Live),Olegg Vynnyk
DsghCIenS6g,UA,Ukraine,я выбираю тебя,sogdiana
L3G4fffo4EQ,UA,Ukraine,Я знов у Харкові,КОРРУПЦИЯ
3t0y-bGXxB8,UA,Ukraine,call 911,sickotoy & maruv
Jm7Satp7Zqk,UA,Ukraine,paniyon sa,atif aslam &  tulsi kumar
emBypaZ1FvM,UA,Ukraine,Ой у лузі червона калина (Live),DOROFEEVA & Julia Sanina & Катерина Павленко & Tina Karol
xtW7GwtiSb8,UA,Ukraine,Не лякай,OSTY
yXlziPrcZFU,UA,Ukraine,PUTIN HUILO,Sever & Marilyn Myller
N9KAgiGjTo0,UA,Ukraine,За Україну! (Live),Володимир Войцеховський & Гурт Made in Ukraine
KOC46hclHDA,UA,Ukraine,Картьє,Chico & Qatoshi
tZZ1mZcZUaw,UA,Ukraine,i can fly,xcho
dX6hCFh5DRw,UA,Ukraine,падает звезда,anivar
HWW_n0Pj0SM,UA,Ukraine,Старий рік минає,гурт VIP
3WqrNqX1lsI,UA,Ukraine,с днём рождения,yuri shatunov
dxdv5gMCmEg,UA,Ukraine,ЛИФОН,UNIQE & nkeeei &  & SAGARA
7EQZFrUAh5M,UA,Ukraine,i love this game,igor trif
h7K_FSKiTe0,UA,Ukraine,Заручена (Не стiй пiд вiкном),Russya
dKtkZ51GLjs,UA,Ukraine,Там де ти,DIBROVA
jLObvlk4-oo,UG,Uganda,Evelyn,Geoffrey Lutaaya
8LL7DBLIIog,UG,Uganda,Jalia,Bruno K
L4GCu2t3VAE,UG,Uganda,Otyamu (feat. Levixone),RING RAPPER RATATA
_lM3POqzRzg,UG,Uganda,Ffe Bali,Da Agent Official
0ilRfR9HVNk,UG,Uganda,Abel Melake,Zefen Bet
9IZcnRVdLtk,UG,Uganda,yanungamya (feat. mauwa ryione),church songs ent
Huw8tu4Q-iI,UG,Uganda,makambo,geoffrey oryema
FC_J1cQ2nt0,UG,Uganda,Linda Yesu Medley: Omwoyo Nomubili / Linda Yesu (Live),Proclaim Music
CDlJdEBrwwQ,UG,Uganda,pepe,oc osilliation
qbF6D5hw0Lw,UG,Uganda,kusajjalata,daxx kartel
OljZg1wnxPo,UG,Uganda,Genda Genda,Nince Henry
IWLcPqj3poM,UG,Uganda,Ogumanga,Evelyn Lagu
HfOD5wy85Qc,UG,Uganda,Fumba,Irene Namatovu
2yWovxWA7Ko,UG,Uganda,wise p ft. da agent - natalie  (official hd video) (feat. da agent),wise p
oh3ATGZDb5g,UG,Uganda,back to my roots,lucky dube
9tP_cphjz3E,UG,Uganda,Number,Radio and Weasel
3jZG5h_4JHA,UG,Uganda,Mr Dj,Navio & Sizza Man & Radio and Weasel   & Rabadaba & KS Alpha & Viboyo Oweyo & GNL Zamba & Peter Miles
F2NHMllAzFI,UG,Uganda,Muunda (feat. King Saha),A Pass & King Saha
bIrtWUJwT04,UG,Uganda,Lonely,Joshua Baraka
e6KrnDZjxBI,UG,Uganda,Meseley (Live),Qwanqwa
7VuqbMbgLHk,US,United States,you,jacquees
5bF0V6bAwjc,US,United States,rap freaks,yung miami
qtDcpyukzIw,US,United States,both sides (feat. shoreline mafia),shordie shordie
sS8jpNdABgw,US,United States,Man Made A Bar,Morgan Wallen & Eric Church
YoD4qPd6ntA,US,United States,catch the sun,lil baby
pOEzjT-SED0,US,United States,wake me up (feat. lil' kim),remy ma
fmZ_nkEkZ_c,US,United States,studio,blueface
cnkWWKwo4Ww,US,United States,all in (feat. polo g & g herbo),clever
CDetbKTJ1dY,US,United States,"thought i was gonna stop (remix) (feat. 2 chainz, remy ma, busta rhymes & lil wayne)",papoose
SAheAwnUbcE,US,United States,Rear View,YoungBoy Never Broke Again & Mariah the Scientist
Odh8Oe5sZa0,US,United States,i'm not joyner,don q
E3bbJ3GMi48,US,United States,dame tu calor,eslabón armado
bjW1WfRAk18,US,United States,Gotta Move On (Queens Remix) (feat. Bryson Tiller Yung Miami & Ashanti),Diddy
QYRQKFHbi3k,US,United States,N.A.L.B. (feat. chriseanrock),Gloss Up
3OByv5luEjc,US,United States,JUMP (feat. Coast Contra),Ciara
hC0AvnigvJc,US,United States,Lejos (En Vivo),Marca MP
28JvbWHN6w0,US,United States,Perfect Timing,Lil Baby
44j8lJU2dqM,US,United States,All I Ask,Palaze
fkbhJS6HXLo,US,United States,outside,nocap
lUnynBPGc-Q,US,United States,Mrs. Davis,Gucci Mane
_T5FQ4TEY0Q,UY,Uruguay,hot box,"mesita, big soto & c.r.o"
jji3wtP67IA,UY,Uruguay,pa´ mi casa,c.r.o & kevin roldan
L5c6Ke9sn_o,UY,Uruguay,la que duerme conmigo,karibe con k
4juS79Z_pEc,UY,Uruguay,bailar contigo,valeria gau & marka akme
ZoKaROahMiE,UY,Uruguay,FERNANDITO,Roze Oficial
47PB6vXj2aY,UY,Uruguay,soy del viento,catherine vergnes & lucas sugo
cQPwqZ2Jac8,UY,Uruguay,Quédate (Atardecer Acústico) (feat. Alfonso Delgado),Matías Valdez & Valsi & Gonzalo Castillo
GJ4cWFXlkII,UY,Uruguay,coincidir (feat. ft lira),the la planta
F1VgMHvJH5M,UY,Uruguay,Ámame,Sebastian Barboza
sLxpEU30jNY,UY,Uruguay,usted y yo (remix),mariano bermúdez & marcos da costa
4MMrLb6QV3s,UY,Uruguay,pa cualquiera,john c & pekeño 77
NNLmA24qFVg,UY,Uruguay,enganchados,la caratula
_geTee33lWw,UY,Uruguay,Sábado Rebelde / Lala / Noche de Perdedor / La Chapa (En Vivo),La Nueva Escuela & La Deskarga
dwOPEnDv9Mw,UY,Uruguay,CAMIONETOTA,FMK & Omar Montes & Ana Mena & Lit Killah & Rusherking & Mesita
71KPXFGvKJ8,UY,Uruguay,Sábado,El Reja & La Deskarga
G4WTl1KqSVw,UY,Uruguay,por ti,agus padilla
2Xc2yg6B7Bc,UY,Uruguay,Perdiendo El Tiempo,Martín Quiroga
oQPlG8Bq6ic,UY,Uruguay,Triple T,Vanesa Britos
OoaBncQWPHQ,UY,Uruguay,noche atr (feat. el reja),javi ayul
gk0sJqUxqCw,UY,Uruguay,antihipocresía,menor
LjUHzeWtuIQ,ZA,South Africa,Malema,Cheez Beezy &
nmDMreV4s4Q,ZA,South Africa,NO SECRET (feat. Drake),DJ Khaled
E8xalOqYKr8,ZA,South Africa,type shit,migos & cardi b
zBPwZenrq0w,ZA,South Africa,Insomnia,Brendan Peyper
JAUMeCsP6rI,ZA,South Africa,tufF lucK,A-Reece & Jay Jody & BLUE TAPE
cZvqNsgnCRE,ZA,South Africa,Bafuna Sihlukane (feat. Nomfundo Moh),Udumakahle
MG8ZoM0NUY0,ZA,South Africa,Umsebenzi Wethu (feat. Zuma Mr JazziQ Lady Du & Reece Madlisa),& Mpura
I_5Hi-LGSEA,ZA,South Africa,late to the party,joyner lucas & ty dolla $ign
qzi1F477ArA,ZA,South Africa,ayabonga (feat. le soul),tns & skillz
3rHckUhA2oI,ZA,South Africa,ya ya ya ya amapiano song trending on tiktok (feat. PCee EeQue & Chley),Uncle Waffles & Tony Duardo & Justin99
0k17OHPlhe0,ZA,South Africa,Molo (feat. LeeMcKrazy Matute Boy & DJ Exit),Ceeka RSA & Tyler ICU
WXgaSUb0X-o,ZA,South Africa,cool soos koos kombuis,snotkop
qeemDGsIxU4,ZA,South Africa,Mthuthuzeli,Babalwa M & Yallunder
UzVtmlFl5r8,ZA,South Africa,"ngwana daddy (feat. kwesta, thebe, vettys & vaal nation)",dj sumbody
0aaYFqfXErs,ZA,South Africa,ngikhule kanzima,khuzani
s7VmlXsURZQ,ZA,South Africa,indluzela (dladla mshunqisi & dj tira),dladla mshunqisi & dj tira
ev2EUJJLar8,ZA,South Africa,Umoya (feat. Nokwazi & Frank Mabeat),Murumba Pitch & Oscar Mbo & Omit ST
6Uh35z-KXR4,ZA,South Africa,ebabayo,prince kaybee & nokwazi
5rooD483SHY,ZA,South Africa,baby girl,cassper nyovest
ToW2_ZXWRL0,ZA,South Africa,liyinqaba (live),hle & hlengiwe mhlaba
Ms2LcI71Nd8,ZW,Zimbabwe,cool it,spice
NuG6OhC8S8o,ZW,Zimbabwe,mumureverere,keith thompson
UTkkJYWoLL4,ZW,Zimbabwe,ndiri zvinhu,soul jah love
vJSf3FSoqLA,ZW,Zimbabwe,fambai vadzidzi,jah signal
1jANni_E5vo,ZW,Zimbabwe,kana ndinewe,hillzy
-YTFSJpK0Vg,ZW,Zimbabwe,unfair games,i-octane
45eKX_iI7tU,ZW,Zimbabwe,tyoka,van choga
fRK1YYAdVv8,ZW,Zimbabwe,mbanje,jah master
1DM4pnb4YF8,ZW,Zimbabwe,handicheme,lindsay
X4BJecEKZY0,ZW,Zimbabwe,Mhondoro (feat. Kae Chaps),Milez
I4rlE0g1lGA,ZW,Zimbabwe,wiggle it (feat. city girls),french montana
uRleWlf-trQ,ZW,Zimbabwe,MWEYA WEDZINZA,Denzel
WkY278BsqTk,ZW,Zimbabwe,banana,baba harare
WHAP_eIZ-YY,ZW,Zimbabwe,Unoona,Tanto Wavie & Stacy Macheso
kwEaIxO1CPg,ZW,Zimbabwe,24 hrs,d.c. young fly
dlXZYP7bDCY,ZW,Zimbabwe,Jeri,KSG Di Don
NVRpRv4Zfwk,ZW,Zimbabwe,Straata,Major League DJz &
e1HbQyD7atA,ZW,Zimbabwe,Wa Kula (Zacaria) (feat. Jah Prayzah),Yaba Buluku Boyz
dpR2Oq1kuig,ZW,Zimbabwe,come closer to me,christopher martin
bwra2z-OwB8,ZW,Zimbabwe,Denial,Rae Sremmurd
